product_id,product_name,model_name,mae_base,mae_full,mape_base,mape_full,rmse_base,rmse_full,delta_rmse_full_vs_base,pct_improvement_full_vs_base
maracuya,Maracuya,arima,0.10121465051944471,0.11291451575765991,13.912657585520446,13.866804246181157,0.14050146097180513,0.1535077876341721,-0.01300632666236698,-9.257075743131953
maracuya,Maracuya,lstm,0.11773794458573122,0.1222858069890953,15.721311888144749,16.9927128336638,0.15307733091068468,0.14315988969092838,0.009917441219756296,6.478713184215879
maracuya,Maracuya,xgboost,0.07529533496239033,0.08044411820051409,10.139808796923763,11.03180844346058,0.09542373105541203,0.10147212200833844,-0.006048390952926405,-6.338455734259791
papa_superchola,Papa Superchola,arima,0.1282366673104744,0.1377812190713984,26.5565211296807,35.38682327168949,0.16204420628090646,0.33325537456907706,-0.1712111682881706,-105.65707483016891
papa_superchola,Papa Superchola,lstm,0.10983002305030823,0.07578676303227742,21.586523369551927,16.014800574065426,0.14142503851787197,0.10371517523646337,0.0377098632814086,26.664205770495997
papa_superchola,Papa Superchola,xgboost,0.066177356921717,0.04714405992504517,12.890628868372236,8.841287910876613,0.07839072256493758,0.06259783764898515,0.015792884915952432,20.14636987542737
tomate_rinon_invernadero,Tomate Rinon de Invernadero,arima,0.1188047142812857,0.06510840927487628,18.333043670578967,10.476841412276261,0.14796791756630917,0.08058337868677172,0.06738453887953745,45.53996568164195
tomate_rinon_invernadero,Tomate Rinon de Invernadero,lstm,0.11195997194368013,0.062374853053871464,17.940883829155542,10.74343162297808,0.13459993438781248,0.07577166923666771,0.05882826515114477,43.70601324488569
tomate_rinon_invernadero,Tomate Rinon de Invernadero,xgboost,0.08494715891904772,0.06073876059530758,13.599512992570443,10.15145921454581,0.10621731731257535,0.07670917692753285,0.0295081403850425,27.7809128790235
