product_id,product_name,feature_set,feature,importance,importance_rank
maracuya,Maracuya,base,target_rolling_mean_6,0.2925550043582916,1.0
maracuya,Maracuya,base,target_lag_1,0.2758210599422455,2.0
maracuya,Maracuya,base,target_rolling_mean_3,0.24709464609622955,3.0
maracuya,Maracuya,base,target_lag_2,0.021316366270184517,4.0
maracuya,Maracuya,base,trimestre,0.01882007345557213,5.0
maracuya,Maracuya,base,target_lag_3,0.018663594499230385,6.0
maracuya,Maracuya,base,target_lag_12,0.01825164258480072,7.0
maracuya,Maracuya,base,provincia_id,0.01672797091305256,8.0
maracuya,Maracuya,base,mes_num,0.01621752418577671,9.0
maracuya,Maracuya,base,target_momentum_1_6,0.013010603375732899,10.0
maracuya,Maracuya,base,target_lag_6,0.012623644433915615,11.0
maracuya,Maracuya,base,target_rolling_std_6,0.011953314766287804,12.0
maracuya,Maracuya,base,target_momentum_1_3,0.009987960569560528,13.0
maracuya,Maracuya,base,target_rolling_std_3,0.009879876859486103,14.0
maracuya,Maracuya,base,mes_sin,0.009282606653869152,15.0
maracuya,Maracuya,base,mes_cos,0.007794066797941923,16.0
maracuya,Maracuya,full,target_rolling_mean_6,0.23582212626934052,1.0
maracuya,Maracuya,full,target_lag_1,0.2199735939502716,2.0
maracuya,Maracuya,full,target_rolling_mean_3,0.14264407753944397,3.0
maracuya,Maracuya,full,precio_productor_nacional_usdkg,0.039638739079236984,4.0
maracuya,Maracuya,full,target_lag_2,0.02547626942396164,5.0
maracuya,Maracuya,full,ipc_alimentos_lag_1,0.02387983910739422,6.0
maracuya,Maracuya,full,precio_productor_usdkg_filled,0.023845603689551353,7.0
maracuya,Maracuya,full,fertilizantes_precio_promedio_filled,0.021393558010458946,8.0
maracuya,Maracuya,full,provincia_id,0.019533412531018257,9.0
maracuya,Maracuya,full,ipc_alimentos,0.016889844089746475,10.0
maracuya,Maracuya,full,precio_productor_provincia_usdkg,0.016671815887093544,11.0
maracuya,Maracuya,full,target_lag_3,0.015069050714373589,12.0
maracuya,Maracuya,full,target_lag_12,0.013279556296765804,13.0
maracuya,Maracuya,full,fertilizantes_lag_1,0.01185248140245676,14.0
maracuya,Maracuya,full,ipp_n,0.011235447600483894,15.0
maracuya,Maracuya,full,fertilizantes_precio_promedio_provincia,0.010988292284309864,16.0
maracuya,Maracuya,full,ipp_n_lag_1,0.010919531807303429,17.0
maracuya,Maracuya,full,fertilizantes_registros_provincia,0.010522241704165936,18.0
maracuya,Maracuya,full,productor_lag_1,0.01039313618093729,19.0
maracuya,Maracuya,full,mes_num,0.009660812094807625,20.0
maracuya,Maracuya,full,target_lag_6,0.009507408365607262,21.0
maracuya,Maracuya,full,inflacion_mensual,0.008389122784137726,22.0
maracuya,Maracuya,full,inflacion_anual,0.008102481253445148,23.0
maracuya,Maracuya,full,target_momentum_1_6,0.007455148734152317,24.0
maracuya,Maracuya,full,ibc,0.00706715090200305,25.0
maracuya,Maracuya,full,target_momentum_1_3,0.00669070053845644,26.0
maracuya,Maracuya,full,ipm,0.0066756862215697765,27.0
maracuya,Maracuya,full,target_rolling_std_6,0.00658765435218811,28.0
maracuya,Maracuya,full,mes_cos,0.0064079854637384415,29.0
maracuya,Maracuya,full,ipm_lag_1,0.006188207305967808,30.0
maracuya,Maracuya,full,inflacion_acumulada,0.006132188718765974,31.0
maracuya,Maracuya,full,productor_lag_3,0.006001202389597893,32.0
maracuya,Maracuya,full,inflacion_mensual_lag_1,0.005433571524918079,33.0
maracuya,Maracuya,full,target_rolling_std_3,0.005409811157733202,34.0
maracuya,Maracuya,full,fertilizantes_precio_promedio_nacional,0.004353577271103859,35.0
maracuya,Maracuya,full,fertilizantes_lag_3,0.0040302276611328125,36.0
maracuya,Maracuya,full,ibc_lag_1,0.003526947693899274,37.0
maracuya,Maracuya,full,mes_sin,0.002351459115743637,38.0
maracuya,Maracuya,full,trimestre,0.0,39.0
maracuya,Maracuya,full,productor_missing_exact,0.0,40.0
maracuya,Maracuya,full,fertilizantes_ingredientes_activos_provincia,0.0,41.0
maracuya,Maracuya,full,fertilizantes_missing_exact,0.0,42.0
papa_superchola,Papa Superchola,base,target_lag_1,0.45242512226104736,1.0
papa_superchola,Papa Superchola,base,target_rolling_mean_3,0.203327015042305,2.0
papa_superchola,Papa Superchola,base,target_momentum_1_3,0.04904467239975929,3.0
papa_superchola,Papa Superchola,base,target_lag_2,0.035477109253406525,4.0
papa_superchola,Papa Superchola,base,target_rolling_mean_6,0.03514460474252701,5.0
papa_superchola,Papa Superchola,base,target_lag_3,0.02552396059036255,6.0
papa_superchola,Papa Superchola,base,target_lag_12,0.02542949840426445,7.0
papa_superchola,Papa Superchola,base,mes_cos,0.024914316833019257,8.0
papa_superchola,Papa Superchola,base,target_momentum_1_6,0.024703020229935646,9.0
papa_superchola,Papa Superchola,base,provincia_id,0.022792844101786613,10.0
papa_superchola,Papa Superchola,base,target_rolling_std_3,0.022738734260201454,11.0
papa_superchola,Papa Superchola,base,mes_sin,0.021863793954253197,12.0
papa_superchola,Papa Superchola,base,target_rolling_std_6,0.020179061219096184,13.0
papa_superchola,Papa Superchola,base,target_lag_6,0.014895094558596611,14.0
papa_superchola,Papa Superchola,base,mes_num,0.012322021648287773,15.0
papa_superchola,Papa Superchola,base,trimestre,0.00921910535544157,16.0
papa_superchola,Papa Superchola,full,target_lag_1,0.2958241105079651,1.0
papa_superchola,Papa Superchola,full,target_rolling_mean_3,0.12665757536888123,2.0
papa_superchola,Papa Superchola,full,productor_missing_exact,0.11098496615886688,3.0
papa_superchola,Papa Superchola,full,precio_productor_nacional_usdkg,0.09057179093360901,4.0
papa_superchola,Papa Superchola,full,precio_productor_provincia_usdkg,0.05647699534893036,5.0
papa_superchola,Papa Superchola,full,precio_productor_usdkg_filled,0.05342531204223633,6.0
papa_superchola,Papa Superchola,full,target_rolling_mean_6,0.047298599034547806,7.0
papa_superchola,Papa Superchola,full,provincia_id,0.03212598338723183,8.0
papa_superchola,Papa Superchola,full,ipc_alimentos_lag_1,0.014226619154214859,9.0
papa_superchola,Papa Superchola,full,target_lag_3,0.013708404265344143,10.0
papa_superchola,Papa Superchola,full,ipm_lag_1,0.01301109604537487,11.0
papa_superchola,Papa Superchola,full,target_momentum_1_3,0.01090543158352375,12.0
papa_superchola,Papa Superchola,full,target_lag_6,0.01046020444482565,13.0
papa_superchola,Papa Superchola,full,ipp_n_lag_1,0.00923184398561716,14.0
papa_superchola,Papa Superchola,full,target_rolling_std_3,0.00754779065027833,15.0
papa_superchola,Papa Superchola,full,ipm,0.007244841195642948,16.0
papa_superchola,Papa Superchola,full,fertilizantes_lag_3,0.0068773142993450165,17.0
papa_superchola,Papa Superchola,full,target_rolling_std_6,0.006203406490385532,18.0
papa_superchola,Papa Superchola,full,target_lag_12,0.006185015197843313,19.0
papa_superchola,Papa Superchola,full,mes_cos,0.0056428685784339905,20.0
papa_superchola,Papa Superchola,full,ibc,0.005617785733193159,21.0
papa_superchola,Papa Superchola,full,target_momentum_1_6,0.00537095544859767,22.0
papa_superchola,Papa Superchola,full,inflacion_anual,0.005340165458619595,23.0
papa_superchola,Papa Superchola,full,fertilizantes_precio_promedio_nacional,0.005335917696356773,24.0
papa_superchola,Papa Superchola,full,productor_lag_3,0.00509272888302803,25.0
papa_superchola,Papa Superchola,full,fertilizantes_lag_1,0.004410199820995331,26.0
papa_superchola,Papa Superchola,full,fertilizantes_precio_promedio_provincia,0.004208815284073353,27.0
papa_superchola,Papa Superchola,full,productor_lag_1,0.004092898219823837,28.0
papa_superchola,Papa Superchola,full,ipp_n,0.004022493027150631,29.0
papa_superchola,Papa Superchola,full,inflacion_mensual,0.004005644470453262,30.0
papa_superchola,Papa Superchola,full,ipc_alimentos,0.003968712408095598,31.0
papa_superchola,Papa Superchola,full,inflacion_acumulada,0.003638674272224307,32.0
papa_superchola,Papa Superchola,full,inflacion_mensual_lag_1,0.0033239941112697124,33.0
papa_superchola,Papa Superchola,full,target_lag_2,0.003259498393163085,34.0
papa_superchola,Papa Superchola,full,ibc_lag_1,0.0031370429787784815,35.0
papa_superchola,Papa Superchola,full,mes_sin,0.0030239338520914316,36.0
papa_superchola,Papa Superchola,full,fertilizantes_precio_promedio_filled,0.0030212686397135258,37.0
papa_superchola,Papa Superchola,full,mes_num,0.002838405082002282,38.0
papa_superchola,Papa Superchola,full,trimestre,0.0016806635539978743,39.0
papa_superchola,Papa Superchola,full,fertilizantes_registros_provincia,0.0,40.0
papa_superchola,Papa Superchola,full,fertilizantes_ingredientes_activos_provincia,0.0,41.0
papa_superchola,Papa Superchola,full,fertilizantes_missing_exact,0.0,42.0
tomate_rinon_invernadero,Tomate Rinon de Invernadero,base,provincia_id,0.4044373333454132,1.0
tomate_rinon_invernadero,Tomate Rinon de Invernadero,base,target_rolling_mean_6,0.153443843126297,2.0
tomate_rinon_invernadero,Tomate Rinon de Invernadero,base,target_lag_1,0.11462767422199249,3.0
tomate_rinon_invernadero,Tomate Rinon de Invernadero,base,mes_cos,0.0757661685347557,4.0
tomate_rinon_invernadero,Tomate Rinon de Invernadero,base,target_rolling_mean_3,0.03783091902732849,5.0
tomate_rinon_invernadero,Tomate Rinon de Invernadero,base,trimestre,0.03291300684213638,6.0
tomate_rinon_invernadero,Tomate Rinon de Invernadero,base,mes_num,0.026338841766119003,7.0
tomate_rinon_invernadero,Tomate Rinon de Invernadero,base,target_momentum_1_6,0.02343674749135971,8.0
tomate_rinon_invernadero,Tomate Rinon de Invernadero,base,target_momentum_1_3,0.018926413729786873,9.0
tomate_rinon_invernadero,Tomate Rinon de Invernadero,base,target_lag_12,0.017689988017082214,10.0
tomate_rinon_invernadero,Tomate Rinon de Invernadero,base,target_lag_6,0.017003711313009262,11.0
tomate_rinon_invernadero,Tomate Rinon de Invernadero,base,mes_sin,0.016538511961698532,12.0
tomate_rinon_invernadero,Tomate Rinon de Invernadero,base,target_rolling_std_6,0.0163163673132658,13.0
tomate_rinon_invernadero,Tomate Rinon de Invernadero,base,target_lag_2,0.016198908910155296,14.0
tomate_rinon_invernadero,Tomate Rinon de Invernadero,base,target_lag_3,0.014953333884477615,15.0
tomate_rinon_invernadero,Tomate Rinon de Invernadero,base,target_rolling_std_3,0.013578243553638458,16.0
tomate_rinon_invernadero,Tomate Rinon de Invernadero,full,target_rolling_mean_6,0.2596433162689209,1.0
tomate_rinon_invernadero,Tomate Rinon de Invernadero,full,provincia_id,0.175876647233963,2.0
tomate_rinon_invernadero,Tomate Rinon de Invernadero,full,precio_productor_usdkg_filled,0.11611796915531158,3.0
tomate_rinon_invernadero,Tomate Rinon de Invernadero,full,precio_productor_provincia_usdkg,0.09672851115465164,4.0
tomate_rinon_invernadero,Tomate Rinon de Invernadero,full,precio_productor_nacional_usdkg,0.06237148120999336,5.0
tomate_rinon_invernadero,Tomate Rinon de Invernadero,full,target_lag_1,0.05548830330371857,6.0
tomate_rinon_invernadero,Tomate Rinon de Invernadero,full,target_rolling_mean_3,0.04524028301239014,7.0
tomate_rinon_invernadero,Tomate Rinon de Invernadero,full,ipm,0.024044685065746307,8.0
tomate_rinon_invernadero,Tomate Rinon de Invernadero,full,ipc_alimentos,0.015880055725574493,9.0
tomate_rinon_invernadero,Tomate Rinon de Invernadero,full,inflacion_mensual,0.010464250110089779,10.0
tomate_rinon_invernadero,Tomate Rinon de Invernadero,full,ibc,0.009742685593664646,11.0
tomate_rinon_invernadero,Tomate Rinon de Invernadero,full,target_lag_12,0.009270732291042805,12.0
tomate_rinon_invernadero,Tomate Rinon de Invernadero,full,mes_cos,0.008733830414712429,13.0
tomate_rinon_invernadero,Tomate Rinon de Invernadero,full,target_lag_6,0.00786720309406519,14.0
tomate_rinon_invernadero,Tomate Rinon de Invernadero,full,inflacion_mensual_lag_1,0.007364781107753515,15.0
tomate_rinon_invernadero,Tomate Rinon de Invernadero,full,trimestre,0.006769414059817791,16.0
tomate_rinon_invernadero,Tomate Rinon de Invernadero,full,ipp_n_lag_1,0.006468326784670353,17.0
tomate_rinon_invernadero,Tomate Rinon de Invernadero,full,ipc_alimentos_lag_1,0.0055601270869374275,18.0
tomate_rinon_invernadero,Tomate Rinon de Invernadero,full,mes_num,0.005560058169066906,19.0
tomate_rinon_invernadero,Tomate Rinon de Invernadero,full,fertilizantes_precio_promedio_nacional,0.005236517172306776,20.0
tomate_rinon_invernadero,Tomate Rinon de Invernadero,full,ipp_n,0.004289995413273573,21.0
tomate_rinon_invernadero,Tomate Rinon de Invernadero,full,target_lag_3,0.004274473525583744,22.0
tomate_rinon_invernadero,Tomate Rinon de Invernadero,full,inflacion_anual,0.004094064235687256,23.0
tomate_rinon_invernadero,Tomate Rinon de Invernadero,full,target_lag_2,0.004090234637260437,24.0
tomate_rinon_invernadero,Tomate Rinon de Invernadero,full,productor_lag_1,0.003910395782440901,25.0
tomate_rinon_invernadero,Tomate Rinon de Invernadero,full,fertilizantes_registros_provincia,0.0037851152010262012,26.0
tomate_rinon_invernadero,Tomate Rinon de Invernadero,full,ipm_lag_1,0.003770198905840516,27.0
tomate_rinon_invernadero,Tomate Rinon de Invernadero,full,target_momentum_1_6,0.0037069704849272966,28.0
tomate_rinon_invernadero,Tomate Rinon de Invernadero,full,fertilizantes_lag_3,0.0036652388516813517,29.0
tomate_rinon_invernadero,Tomate Rinon de Invernadero,full,productor_lag_3,0.003477421822026372,30.0
tomate_rinon_invernadero,Tomate Rinon de Invernadero,full,ibc_lag_1,0.0033485323656350374,31.0
tomate_rinon_invernadero,Tomate Rinon de Invernadero,full,productor_missing_exact,0.003073349827900529,32.0
tomate_rinon_invernadero,Tomate Rinon de Invernadero,full,fertilizantes_precio_promedio_provincia,0.0030465361196547747,33.0
tomate_rinon_invernadero,Tomate Rinon de Invernadero,full,inflacion_acumulada,0.0030423987191170454,34.0
tomate_rinon_invernadero,Tomate Rinon de Invernadero,full,target_momentum_1_3,0.0029686482157558203,35.0
tomate_rinon_invernadero,Tomate Rinon de Invernadero,full,fertilizantes_lag_1,0.0028668821323662996,36.0
tomate_rinon_invernadero,Tomate Rinon de Invernadero,full,target_rolling_std_6,0.002504240721464157,37.0
tomate_rinon_invernadero,Tomate Rinon de Invernadero,full,target_rolling_std_3,0.0023598766420036554,38.0
tomate_rinon_invernadero,Tomate Rinon de Invernadero,full,mes_sin,0.002245111856609583,39.0
tomate_rinon_invernadero,Tomate Rinon de Invernadero,full,fertilizantes_precio_promedio_filled,0.0010511244181543589,40.0
tomate_rinon_invernadero,Tomate Rinon de Invernadero,full,fertilizantes_ingredientes_activos_provincia,0.0,41.0
tomate_rinon_invernadero,Tomate Rinon de Invernadero,full,fertilizantes_missing_exact,0.0,42.0
