fecha,precio_banano_internacional,ipc,fertilizantes,precio_productor_banano,ipp,lag_1,lag_2,lag_3,lag_4,lag_5,lag_6,diff_1,diff_2,rolling_mean_3,rolling_std_3
2016-07-01,0.7061679811725282,107.77526781028878,27.273724661100093,0.32754990812600954,102.4870711494968,0.6897794559627592,0.7135167211392016,0.7630879090393964,0.862678170000798,0.9672778981133948,0.8202206245310736,0.016388525209768967,-0.007348739966673401,0.7031547194248297,0.012152129413573314
2016-08-01,0.7163024527298293,107.23352240022407,26.853630456102945,0.3189996548898223,102.12867708135678,0.7061679811725282,0.6897794559627592,0.7135167211392016,0.7630879090393964,0.862678170000798,0.9672778981133948,0.010134471557301072,0.02652299676707004,0.7040832966217057,0.013383825000117545
2016-09-01,0.7062226592972802,106.878457181975,26.86293983887386,0.2887462710459757,100.96345163585332,0.7163024527298293,0.7061679811725282,0.6897794559627592,0.7135167211392016,0.7630879090393964,0.862678170000798,-0.010079793432549056,5.467812475201672e-05,0.7095643643998794,0.005835419709063744
2016-10-01,0.7004267780735646,106.27603248097836,26.1872704184963,0.26332993478682165,98.78741473330956,0.7062226592972802,0.7163024527298293,0.7061679811725282,0.6897794559627592,0.7135167211392016,0.7630879090393964,-0.00579588122371566,-0.015875674656264716,0.707650630033558,0.008033591150013873
2016-11-01,0.6898629643714714,105.98509136790769,25.54588621680464,0.27051329295173493,97.77124882799976,0.7004267780735646,0.7062226592972802,0.7163024527298293,0.7061679811725282,0.6897794559627592,0.7135167211392016,-0.010563813702093139,-0.0163596949258088,0.6988374672474387,0.008294837924447343
2016-12-01,0.6797584469172956,106.27401728322432,25.64086299363069,0.1621521339709927,99.95312657717108,0.6898629643714714,0.7004267780735646,0.7062226592972802,0.7163024527298293,0.7061679811725282,0.6897794559627592,-0.010104517454175843,-0.020668331156268982,0.6900160631207771,0.01033501609173926
2017-01-01,0.6880257793798031,106.79525338604871,25.278412933331037,0.21020620428618692,97.900896734359,0.6797584469172956,0.6898629643714714,0.7004267780735646,0.7062226592972802,0.7163024527298293,0.7061679811725282,0.008267332462507548,-0.0018371849916682947,0.6858823968895233,0.005382460833122033
2017-02-01,0.7085732431024098,107.29633613408298,24.89137922616525,0.37893752161837463,98.32298974729969,0.6880257793798031,0.6797584469172956,0.6898629643714714,0.7004267780735646,0.7062226592972802,0.7163024527298293,0.02054746372260663,0.028814796185114178,0.6921191564665028,0.014837112986622002
2017-03-01,0.7450184529256892,108.06190921517076,24.629445083296474,0.4465305819989277,102.98660839957942,0.7085732431024098,0.6880257793798031,0.6797584469172956,0.6898629643714714,0.7004267780735646,0.7062226592972802,0.03644520982327948,0.05699267354588611,0.713872491802634,0.028863519138647126
2017-04-01,0.7348739966673464,109.33097122487412,24.466428997461694,0.5035568744782168,98.85195984083418,0.7450184529256892,0.7085732431024098,0.6880257793798031,0.6797584469172956,0.6898629643714714,0.7004267780735646,-0.010144456258342816,0.026300753564936663,0.7294885642318153,0.018809983829177496
2017-05-01,0.7348739966673464,108.56390855580456,24.011155084433387,0.3766916294906048,95.36070581510612,0.7348739966673464,0.7450184529256892,0.7085732431024098,0.6880257793798031,0.6797584469172956,0.6898629643714714,0.0,-0.010144456258342816,0.738255482086794,0.0058569045515325414
2017-06-01,0.7348739966673464,108.21463669560993,23.645135670700196,0.2956643606672315,98.37871496745883,0.7348739966673464,0.7348739966673464,0.7450184529256892,0.7085732431024098,0.6880257793798031,0.6797584469172956,0.0,0.0,0.7348739966673464,0.0
2017-07-01,0.7348739966673464,107.42480462559575,24.038332204997975,0.11625564073643405,100.38979992876315,0.7348739966673464,0.7348739966673464,0.7348739966673464,0.7450184529256892,0.7085732431024098,0.6880257793798031,0.0,0.0,0.7348739966673464,0.0
2017-08-01,0.6999093890195868,107.5003021619046,23.242528658583417,0.11497760481430244,101.88416902151182,0.7348739966673464,0.7348739966673464,0.7348739966673464,0.7348739966673464,0.7450184529256892,0.7085732431024098,-0.03496460764775966,-0.03496460764775966,0.7232191274514266,0.02018682563754242
2017-09-01,0.7013453705693987,106.75214893443608,23.16156329175125,0.22004726486309717,101.07731467228116,0.6999093890195868,0.7348739966673464,0.7348739966673464,0.7348739966673464,0.7348739966673464,0.7450184529256892,0.0014359815498119488,-0.03352862609794771,0.7120429187521107,0.019785325365822823
2017-10-01,0.707316221792321,106.2531200787179,22.9159920226524,0.34368403565208816,98.43806966710156,0.7013453705693987,0.6999093890195868,0.7348739966673464,0.7348739966673464,0.7348739966673464,0.7348739966673464,0.005970851222922291,0.00740683277273424,0.7028569937937689,0.003927982498700588
2017-11-01,0.707316221792321,105.52760320060771,23.142823391394522,0.4712634190568475,98.39894909783992,0.707316221792321,0.7013453705693987,0.6999093890195868,0.7348739966673464,0.7348739966673464,0.7348739966673464,0.0,0.005970851222922291,0.7053259380513469,0.003447272560837354
2017-12-01,0.707316221792321,106.02464555374796,23.495274590545016,0.41981544479363075,96.6658809800047,0.707316221792321,0.707316221792321,0.7013453705693987,0.6999093890195868,0.7348739966673464,0.7348739966673464,0.0,0.0,0.707316221792321,0.0
2018-01-01,0.894752833442296,106.10508513770736,23.833693051739925,0.4608821504949716,91.07680235373611,0.707316221792321,0.707316221792321,0.707316221792321,0.7013453705693987,0.6999093890195868,0.7348739966673464,0.18743661164997494,0.18743661164997494,0.7697950923423127,0.1082165781921041
2018-02-01,1.2956277903704583,106.48102101306874,23.983813671791356,0.6972323999784146,90.9261347242377,0.894752833442296,0.707316221792321,0.707316221792321,0.707316221792321,0.7013453705693987,0.6999093890195868,0.40087495692816233,0.5883115685781373,0.9658989485350252,0.3005394361815233
2018-03-01,1.0971334736608633,107.10361898304726,24.27861263940919,0.321343454931552,91.93973217936272,1.2956277903704583,0.894752833442296,0.707316221792321,0.707316221792321,0.707316221792321,0.7013453705693987,-0.19849431670959494,0.2023806402185674,1.0958380324912058,0.20044061813641198
2018-04-01,0.7913018214114462,105.68709684765804,24.229324397824396,0.17315605506644516,90.8306483565985,1.0971334736608633,1.2956277903704583,0.894752833442296,0.707316221792321,0.707316221792321,0.707316221792321,-0.3058316522494171,-0.504325968959012,1.0613543618142558,0.25405959807692874
2018-05-01,0.7459938005642867,105.08521138746752,24.32005921264528,0.1543141764469963,88.71144333046914,0.7913018214114462,1.0971334736608633,1.2956277903704583,0.894752833442296,0.707316221792321,0.707316221792321,-0.04530802084715957,-0.3511396730965767,0.8781430318788654,0.19099951408885238
2018-06-01,0.6896792458723047,104.30030454589304,24.351573128601814,0.2853807799706683,88.85391452247688,0.7459938005642867,0.7913018214114462,1.0971334736608633,1.2956277903704583,0.894752833442296,0.707316221792321,-0.05631455469198199,-0.10162257553914156,0.7423249559493459,0.05091053211673166
2018-07-01,0.7034581333098174,104.45505820734898,24.293361240415003,0.19055197568200843,89.80251354209749,0.6896792458723047,0.7459938005642867,0.7913018214114462,1.0971334736608633,1.2956277903704583,0.894752833442296,0.013778887437512766,-0.04253566725446922,0.7130437265821362,0.029355492949804492
2018-08-01,0.7032744148106506,105.25029859212243,24.552791612758828,0.2172020657998243,89.98197905979633,0.7034581333098174,0.6896792458723047,0.7459938005642867,0.7913018214114462,1.0971334736608633,1.2956277903704583,-0.00018371849916687388,0.013595168938345892,0.6988039313309242,0.007902743299704494
2018-09-01,0.707316221792321,105.57672965391588,24.753796956231383,0.2561684251064029,90.04183365111473,0.7032744148106506,0.7034581333098174,0.6896792458723047,0.7459938005642867,0.7913018214114462,1.0971334736608633,0.004041806981670448,0.0038580884825035744,0.704682923304263,0.002282352693465571
2018-10-01,0.707316221792321,105.76644817205488,24.569722249740998,0.2662662560981912,89.02708539962859,0.707316221792321,0.7032744148106506,0.7034581333098174,0.6896792458723047,0.7459938005642867,0.7913018214114462,0.0,0.004041806981670448,0.7059689527984309,0.002333538348928864
2018-11-01,0.707316221792321,105.60910941943288,25.07259940499817,0.3029763512847359,87.74584078250196,0.707316221792321,0.707316221792321,0.7032744148106506,0.7034581333098174,0.6896792458723047,0.7459938005642867,0.0,0.0,0.707316221792321,0.0
2018-12-01,0.707316221792321,105.32196180017738,25.63246794849049,0.269855577064027,88.335671121338,0.707316221792321,0.707316221792321,0.707316221792321,0.7032744148106506,0.7034581333098174,0.6896792458723047,0.0,0.0,0.707316221792321,0.0
2019-01-01,0.7192579242381654,106.52855122151963,25.737087529148287,0.38123478127256966,91.73969865733244,0.707316221792321,0.707316221792321,0.707316221792321,0.707316221792321,0.7032744148106506,0.7034581333098174,0.01194170244584436,0.01194170244584436,0.7112967892742691,0.00689454512170697
2019-02-01,0.8238324278428674,106.36502853382572,25.784362199952174,0.4550508356367663,91.14905171803656,0.7192579242381654,0.707316221792321,0.707316221792321,0.707316221792321,0.707316221792321,0.7032744148106506,0.104574503604702,0.11651620605054636,0.7501355246244512,0.06410207658348457
2019-03-01,0.8897224459651089,105.97816126592777,25.96278294516362,0.3646799424767268,93.05374005886844,0.8238324278428674,0.7192579242381654,0.707316221792321,0.707316221792321,0.707316221792321,0.707316221792321,0.06589001812224149,0.17046452172694349,0.8109375993487138,0.08596072209631149
2019-04-01,0.820854254277426,106.03578226462427,25.643084459515585,0.28931796801697024,89.56092330719511,0.8897224459651089,0.8238324278428674,0.7192579242381654,0.707316221792321,0.707316221792321,0.707316221792321,-0.06886819168768288,-0.0029781735654413888,0.844803042695134,0.038929833958605546
2019-05-01,0.7991754713757393,105.5418112743122,25.657207375363544,0.3097156722071544,89.54297254970264,0.820854254277426,0.8897224459651089,0.8238324278428674,0.7192579242381654,0.707316221792321,0.707316221792321,-0.021678782901686677,-0.09054697458936956,0.8365840572060913,0.04727852236431606
2019-06-01,0.8199356617815918,104.88858111890404,25.801735226466146,0.2528812666943521,93.28674845493016,0.7991754713757393,0.820854254277426,0.8897224459651089,0.8238324278428674,0.7192579242381654,0.707316221792321,0.02076019040585253,-0.0009185924958341474,0.8133217958115857,0.01225968288034775
2019-07-01,0.7780895981759092,105.43327776789651,25.733203963793564,0.2030858529774335,93.19658319319215,0.8199356617815918,0.7991754713757393,0.820854254277426,0.8897224459651089,0.8238324278428674,0.7192579242381654,-0.04184606360568266,-0.02108587319983013,0.7990669104444135,0.020923243030891405
2019-08-01,0.7740672764896049,105.2203754573183,25.71081295853017,0.3073982383750744,92.447899447287,0.7780895981759092,0.8199356617815918,0.7991754713757393,0.820854254277426,0.8897224459651089,0.8238324278428674,-0.004022321686304231,-0.04586838529198689,0.7906975121490354,0.025400724662675175
2019-09-01,0.7863151764340608,105.20432183319258,25.887690948562813,0.36043219979874774,93.654518292222,0.7740672764896049,0.7780895981759092,0.8199356617815918,0.7991754713757393,0.820854254277426,0.8897224459651089,0.012247899944455853,0.008225578258151622,0.7794906836998584,0.00624299957925714
2019-10-01,0.6776707366994906,106.29587993373224,25.796194465626797,0.3789754690663888,94.1923456929418,0.7863151764340608,0.7740672764896049,0.7780895981759092,0.8199356617815918,0.7991754713757393,0.820854254277426,-0.10864443973457016,-0.09639653979011431,0.7460177298743854,0.059506187663968174
2019-11-01,0.715032398757328,105.14871003533604,25.72090018389204,0.3637077691605466,93.07144350287896,0.6776707366994906,0.7863151764340608,0.7740672764896049,0.7780895981759092,0.8199356617815918,0.7991754713757393,0.03736166205783742,-0.07128277767673274,0.7263394372969598,0.05519773919022789
2019-12-01,0.7486528841048593,104.66369746374616,25.727443296643486,0.3516860477905148,91.9598148337314,0.715032398757328,0.6776707366994906,0.7863151764340608,0.7740672764896049,0.7780895981759092,0.8199356617815918,0.03362048534753126,0.07098214740536868,0.7137853398538926,0.03550750173556395
2020-01-01,0.7600259226802324,105.75208911946228,25.533039432095876,0.3368169444444444,93.66584494916692,0.7486528841048593,0.715032398757328,0.6776707366994906,0.7863151764340608,0.7740672764896049,0.7780895981759092,0.011373038575373084,0.044993523922904344,0.74123706851414,0.02339551323239379
2020-02-01,0.776935851011646,105.23120670754528,25.478684624238763,0.3880628822845417,97.15054598513125,0.7600259226802324,0.7486528841048593,0.715032398757328,0.6776707366994906,0.7863151764340608,0.7740672764896049,0.016909928331413582,0.028282966906786666,0.7618715525989126,0.014231525449168505
2020-03-01,0.8631095090857984,106.34559024229866,25.320876300381045,0.21254969239423194,99.24394012005274,0.776935851011646,0.7600259226802324,0.7486528841048593,0.715032398757328,0.6776707366994906,0.7863151764340608,0.08617365807415245,0.10308358640556603,0.8000237609258923,0.05528422139014773
2020-04-01,0.8768883965233112,110.8841759451997,25.368493057427134,0.12919842816128557,97.43120562605806,0.8631095090857984,0.776935851011646,0.7600259226802324,0.7486528841048593,0.715032398757328,0.6776707366994906,0.013778887437512766,0.09995254551166521,0.8389779188735852,0.05416990006630188
2020-05-01,0.830499475483685,109.12959565290556,25.396207003438263,0.18432388079159207,96.05889242920492,0.8768883965233112,0.8631095090857984,0.776935851011646,0.7600259226802324,0.7486528841048593,0.715032398757328,-0.04638892103962622,-0.03261003360211345,0.8568324603642649,0.02382297219690792
2020-06-01,0.8208876576409109,108.2984569522796,25.258683319882202,0.17313371186127982,96.52886841498577,0.830499475483685,0.8768883965233112,0.8631095090857984,0.776935851011646,0.7600259226802324,0.7486528841048593,-0.009611817842774095,-0.056000738882400314,0.8427585098826356,0.029945511051571658
2020-07-01,0.7866492100689095,106.69834489317346,25.08945356346163,0.16015778704614042,95.74749920387195,0.8208876576409109,0.830499475483685,0.8768883965233112,0.8631095090857984,0.776935851011646,0.7600259226802324,-0.03423844757200134,-0.043850265414775436,0.8126787810645016,0.02304887600777406
2020-08-01,0.7663685965245185,105.72241358330724,24.944899133104354,0.14460504039646466,91.2549764072918,0.7866492100689095,0.8208876576409109,0.830499475483685,0.8768883965233112,0.8631095090857984,0.776935851011646,-0.020280613544391035,-0.054519061116392376,0.7913018214114462,0.027555709036094885
2020-09-01,0.6820155572825094,104.88511580823268,24.827630783133635,0.27096973355617804,87.77507209241139,0.7663685965245185,0.7866492100689095,0.8208876576409109,0.830499475483685,0.8768883965233112,0.8631095090857984,-0.0843530392420091,-0.10463365278640013,0.7450111212919791,0.05549014899140065
2020-10-01,0.6683853943443222,104.52342143410544,24.94336865399454,0.20826497443706157,87.06224856669488,0.6820155572825094,0.7663685965245185,0.7866492100689095,0.8208876576409109,0.830499475483685,0.8768883965233112,-0.013630162938187196,-0.0979832021801963,0.7055898493837834,0.05307529946621772
2020-11-01,0.7174690862199619,104.86630769616858,24.75626568615562,0.27470977165928384,86.77619790402845,0.6683853943443222,0.6820155572825094,0.7663685965245185,0.7866492100689095,0.8208876576409109,0.830499475483685,0.04908369187563966,0.03545352893745246,0.6892900126155977,0.02533753100305486
2020-12-01,0.8947265879424151,104.602644241769,24.61393637572438,0.33813041387240933,87.03225511626644,0.7174690862199619,0.6683853943443222,0.6820155572825094,0.7663685965245185,0.7866492100689095,0.8208876576409109,0.17725750172245325,0.2263411935980929,0.7601936895022331,0.1190656448102186
2021-01-01,0.9005203971529822,104.96914259188055,24.213853298847056,0.35633879757751924,88.2617465529793,0.8947265879424151,0.7174690862199619,0.6683853943443222,0.6820155572825094,0.7663685965245185,0.7866492100689095,0.005793809210567047,0.1830513109330203,0.8375720237717864,0.1040525288627112
2021-02-01,0.8708740330242707,105.33495840584128,24.761153310846474,0.4668154674418604,89.84503511298021,0.9005203971529822,0.8947265879424151,0.7174690862199619,0.6683853943443222,0.6820155572825094,0.7663685965245185,-0.029646364128711467,-0.02385255491814442,0.8887070060398893,0.015713155355435417
2021-03-01,0.8588839468612613,105.9182053031571,24.9373288926599,0.3911133151912978,92.12291706969788,0.8708740330242707,0.9005203971529822,0.8947265879424151,0.7174690862199619,0.6683853943443222,0.6820155572825094,-0.01199008616300934,-0.041636450291720806,0.8767594590128381,0.021433086047604587
2021-04-01,0.8534559370386683,106.05573576294096,25.84127957519734,0.2969217013296726,86.32613642173338,0.8588839468612613,0.8708740330242707,0.9005203971529822,0.8947265879424151,0.7174690862199619,0.6683853943443222,-0.005428009822593061,-0.0174180959856024,0.8610713056414001,0.008912683140661189
2021-05-01,0.8281111349945159,105.6528980999749,26.374303465402594,0.22350349973352707,87.0871117251322,0.8534559370386683,0.8588839468612613,0.8708740330242707,0.9005203971529822,0.8947265879424151,0.7174690862199619,-0.025344802044152348,-0.03077281186674541,0.8468170062981485,0.0164255300851975
2021-06-01,0.8267332462507647,104.54157517471404,27.350031166180994,0.21504815026833626,89.92839182028855,0.8281111349945159,0.8534559370386683,0.8588839468612613,0.8708740330242707,0.9005203971529822,0.8947265879424151,-0.001377888743751221,-0.02672269078790357,0.8361001060946496,0.015046371495005088
2021-07-01,0.8267332462507647,105.79508630751828,29.702016676385117,0.11701362451550382,90.21534976886625,0.8267332462507647,0.8281111349945159,0.8534559370386683,0.8588839468612613,0.8708740330242707,0.9005203971529822,0.0,-0.001377888743751221,0.8271925424986817,0.0007955244372141739
2021-08-01,0.8322448012257698,105.6524247730372,32.444991063512205,0.17707643615546742,88.39180890367169,0.8267332462507647,0.8267332462507647,0.8281111349945159,0.8534559370386683,0.8588839468612613,0.8708740330242707,0.005511554975005106,0.005511554975005106,0.828570431242433,0.003182097748496472
2021-09-01,0.7904269714154136,105.359652826097,34.278640825084004,0.23089101635289772,86.00309850672903,0.8322448012257698,0.8267332462507647,0.8267332462507647,0.8281111349945159,0.8534559370386683,0.8588839468612613,-0.0418178298103562,-0.03630627483535109,0.8164683396306494,0.02272023224907499
2021-10-01,0.8193845062840913,105.53965125391971,38.64179545155801,0.25227000307731895,85.28322796427891,0.7904269714154136,0.8322448012257698,0.8267332462507647,0.8267332462507647,0.8281111349945159,0.8534559370386683,0.028957534868677692,-0.012860294941678507,0.8140187596417583,0.02141906044354946
2021-11-01,0.8166287287965887,105.4875104139525,46.87135936743492,0.27891540576550383,88.27,0.8193845062840913,0.7904269714154136,0.8322448012257698,0.8267332462507647,0.8267332462507647,0.8281111349945159,-0.002755777487502664,0.026201757381175028,0.8088134021653645,0.0159826219432977
2021-12-01,0.8700383210543762,105.73397757888316,50.02883402933884,0.31070704213732003,91.16867793875424,0.8166287287965887,0.8193845062840913,0.7904269714154136,0.8322448012257698,0.8267332462507647,0.8267332462507647,0.05340959225778752,0.050653814770284855,0.8353505187116853,0.03007210170431213
2022-01-01,0.8946123969955644,107.81061711347644,52.26334365079365,0.2580680650721623,91.16867793875424,0.8700383210543762,0.8166287287965887,0.8193845062840913,0.7904269714154136,0.8322448012257698,0.8267332462507647,0.02457407594118821,0.07798366819897573,0.8604264822821763,0.039870461621094706
2022-02-01,1.0051335783364561,108.1420307640297,51.5599312018391,0.32042622011780647,92.71937565632958,0.8946123969955644,0.8700383210543762,0.8166287287965887,0.8193845062840913,0.7904269714154136,0.8322448012257698,0.11052118134089173,0.13509525728207994,0.923261432128799,0.07196011079464025
2022-03-01,0.9773025379592374,108.20394858132713,53.427803525550544,0.11293711166072765,100.60970286451266,1.0051335783364561,0.8946123969955644,0.8700383210543762,0.8166287287965887,0.8193845062840913,0.7904269714154136,-0.02783104037721873,0.082690140963673,0.959016171097086,0.05748500927206594
2022-04-01,0.8852957049851842,108.71860080267848,54.11004745133318,0.07564537725035697,102.1451008707699,0.9773025379592374,1.0051335783364561,0.8946123969955644,0.8700383210543762,0.8166287287965887,0.8193845062840913,-0.09200683297405321,-0.11983787335127194,0.955910607093626,0.06271754142150543
2022-05-01,0.867351736248378,109.84816676089956,54.33897167605394,0.18126979422319348,103.8232458384688,0.8852957049851842,0.9773025379592374,1.0051335783364561,0.8946123969955644,0.8700383210543762,0.8166287287965887,-0.01794396873680615,-0.10995080171085936,0.9099833263975999,0.05898647037641212
2022-06-01,0.8710443985498139,112.1407601857628,54.78329083804659,0.22075053377630113,106.7479257166828,0.867351736248378,0.8852957049851842,0.9773025379592374,1.0051335783364561,0.8946123969955644,0.8700383210543762,0.003692662301435834,-0.014251306435370314,0.8745639465944587,0.009475595882893888
2022-07-01,0.9291563095362761,112.3300535059745,55.313870293814375,0.24484551942544452,103.398558525028,0.8710443985498139,0.867351736248378,0.8852957049851842,0.9773025379592374,1.0051335783364561,0.8946123969955644,0.05811191098646229,0.061804573287898124,0.8891841481114894,0.034666110330481704
2022-08-01,1.0744347747274385,111.91780618532256,56.12462462962653,0.2668330770025839,102.93974502000182,0.9291563095362761,0.8710443985498139,0.867351736248378,0.8852957049851842,0.9773025379592374,1.0051335783364561,0.1452784651911624,0.20339037617762468,0.9582118276045094,0.10476200946945906
2022-09-01,0.8662327235716346,112.88100219314993,55.957039018080685,0.4540670834256182,102.42912160522202,1.0744347747274385,0.9291563095362761,0.8710443985498139,0.867351736248378,0.8852957049851842,0.9773025379592374,-0.20820205115580392,-0.06292358596464154,0.9566079359451164,0.10678116580529984
2022-10-01,0.9057322008925045,113.31522576621752,56.135622063492065,0.5244944790697673,102.15492781,0.8662327235716346,1.0744347747274385,0.9291563095362761,0.8710443985498139,0.867351736248378,0.8852957049851842,0.03949947732086989,-0.16870257383493403,0.9487998997305258,0.11058093659746655
2022-11-01,0.98730321452258,113.471147394109,56.453244301450184,0.4436635884945063,102.2431738191,0.9057322008925045,0.8662327235716346,1.0744347747274385,0.9291563095362761,0.8710443985498139,0.867351736248378,0.08157101363007546,0.12107049095094535,0.9197560463289064,0.06174153484805723
2022-12-01,0.9461502707092085,113.76573631990507,55.703014699492336,0.37153828527131777,101.67341805325532,0.98730321452258,0.9057322008925045,0.8662327235716346,1.0744347747274385,0.9291563095362761,0.8710443985498139,-0.04115294381337142,0.04041806981670404,0.9463952287080977,0.04078605851851152
2023-01-01,1.0855592082133525,113.85759294140176,53.88144558795502,0.4820393695321151,103.18500625178298,0.9461502707092085,0.98730321452258,0.9057322008925045,0.8662327235716346,1.0744347747274385,0.9291563095362761,0.13940893750414396,0.09825599369077254,1.0063375644817136,0.07162710955206601
2023-02-01,1.1206828449177033,113.79934454922125,53.74155703494573,0.45780725867213745,102.08,1.0855592082133525,0.9461502707092085,0.98730321452258,0.9057322008925045,0.8662327235716346,1.0744347747274385,0.035123636704350814,0.17453257420849477,1.050797441280088,0.09231300122519509
2023-03-01,1.1319815326164637,114.61119378382196,53.04939305031886,0.36287486212047804,106.9850666114509,1.1206828449177033,1.0855592082133525,0.9461502707092085,0.98730321452258,0.9057322008925045,0.8662327235716346,0.011298687698760412,0.046422324403111226,1.112741195249173,0.0242086843992016
2023-04-01,1.08109150834725,114.37099379455267,48.01894642561446,0.26508993820502535,104.08101441415631,1.1319815326164637,1.1206828449177033,1.0855592082133525,0.9461502707092085,0.98730321452258,0.9057322008925045,-0.05089002426921363,-0.03959133657045322,1.1112519619604724,0.02672367503815676
2023-05-01,0.9802728258293513,114.75454350227972,45.95738812840556,0.16726302365613907,100.64878647200568,1.08109150834725,1.1319815326164637,1.1206828449177033,1.0855592082133525,0.9461502707092085,0.98730321452258,-0.10081868251789883,-0.15170870678711246,1.064448622264355,0.07721154169961025
2023-06-01,0.9810567855509076,116.830773633579,42.799054115964566,0.18994366534083912,106.39872791688548,0.9802728258293513,1.08109150834725,1.1319815326164637,1.1206828449177033,1.0855592082133525,0.9461502707092085,0.0007839597215563154,-0.10003472279634251,1.014140373242503,0.05798270877659818
2023-07-01,0.9529478551783814,119.20644807468774,40.88138548832343,0.1460967366089566,110.56790200872656,0.9810567855509076,0.9802728258293513,1.08109150834725,1.1319815326164637,1.1206828449177033,1.0855592082133525,-0.028108930372526153,-0.027324970650969838,0.9714258221862134,0.016007188908990607
2023-08-01,1.0912878850510095,121.06,40.14653332361335,0.28685684689369373,113.39640470044716,0.9529478551783814,0.9810567855509076,0.9802728258293513,1.08109150834725,1.1319815326164637,1.1206828449177033,0.13834002987262806,0.1102310995001019,1.008430841926766,0.0731197318659018
2023-09-01,0.9507432331883794,120.81276325644892,40.58068227229407,0.46321513657420765,113.10828180675765,1.0912878850510095,0.9529478551783814,0.9810567855509076,0.9802728258293513,1.08109150834725,1.1319815326164637,-0.1405446518626301,-0.0022046219900020425,0.9983263244725901,0.08051461915957257
2023-10-01,0.9587349879021368,120.04410914664308,40.27471209224431,0.41949161616632635,111.7568389575871,0.9507432331883794,1.0912878850510095,0.9529478551783814,0.9810567855509076,0.9802728258293513,1.08109150834725,0.00799175471375746,-0.13255289714887264,1.0002553687138418,0.07893767357136064
2023-11-01,1.029282891582202,118.67254552064384,39.78402200061311,0.4483653750653621,110.81659141958129,0.9587349879021368,0.9507432331883794,1.0912878850510095,0.9529478551783814,0.9810567855509076,0.9802728258293513,0.07054790368006525,0.07853965839382271,0.9795870375575727,0.043222973825028876
2023-12-01,0.9716871420933988,118.5838265594302,38.8124212764053,0.36112490309595746,110.16194364620848,1.029282891582202,0.9587349879021368,0.9507432331883794,1.0912878850510095,0.9529478551783814,0.9810567855509076,-0.057595749488803305,0.012952154191261944,0.9865683405259125,0.03755448346740761
2024-01-01,0.9455072559621247,119.03335613962192,38.8727937242445,0.44377735800616813,112.4732896626278,0.9716871420933988,1.029282891582202,0.9587349879021368,0.9507432331883794,1.0912878850510095,0.9529478551783814,-0.026179886131274088,-0.0837756356200774,0.9821590965459085,0.04285832070238563
2024-02-01,0.9989693392196741,119.67,36.73329433475021,0.3653532483351423,110.01620800053206,0.9455072559621247,0.9716871420933988,1.029282891582202,0.9587349879021368,0.9507432331883794,1.0912878850510095,0.05346208325754942,0.02728219712627533,0.9720545790917324,0.02673293556682578
2024-03-01,0.9762168066022686,119.8024979221909,36.521820070623406,0.35992967959444133,115.90210724667054,0.9989693392196741,0.9455072559621247,0.9716871420933988,1.029282891582202,0.9587349879021368,0.9507432331883794,-0.022752532617405508,0.030709550640143912,0.9735644672613558,0.026829550211357724
2024-04-01,0.9446288518879833,121.0624694584298,36.45055599855903,0.33629352968915555,112.04008019807856,0.9762168066022686,0.9989693392196741,0.9455072559621247,0.9716871420933988,1.029282891582202,0.9587349879021368,-0.03158795471428533,-0.054340487331690834,0.9732716659033086,0.027289696428576846
2024-05-01,0.9119118231372072,120.27830166459763,35.028115777182585,0.40670723501464573,110.15682579624308,0.9446288518879833,0.9762168066022686,0.9989693392196741,0.9455072559621247,0.9716871420933988,1.029282891582202,-0.03271702875077609,-0.06430498346506142,0.9442524938758198,0.03215414372402762
2024-06-01,0.9202328395767441,119.49839206095166,34.49319740190697,0.35491898074517403,111.9608281795724,0.9119118231372072,0.9446288518879833,0.9762168066022686,0.9989693392196741,0.9455072559621247,0.9716871420933988,0.008321016439536866,-0.024396012311239224,0.9255911715339783,0.017003963761214786
2024-07-01,0.9783010080634049,119.6511264781158,34.564431839402424,0.3050368569680013,109.74519748323851,0.9202328395767441,0.9119118231372072,0.9446288518879833,0.9762168066022686,0.9989693392196741,0.9455072559621247,0.058068168486660854,0.06638918492619772,0.936815223592452,0.036167838800853294
2024-08-01,0.9382561164481336,120.01774966824392,34.844143814676684,0.388635667455827,107.5845921645176,0.9783010080634049,0.9202328395767441,0.9119118231372072,0.9446288518879833,0.9762168066022686,0.9989693392196741,-0.04004489161527136,0.018023276871389493,0.9455966546960942,0.029721888805661654
2024-09-01,0.9590105656508872,120.68132435667243,35.09955662916876,0.4099855648958668,106.88058359301913,0.9382561164481336,0.9783010080634049,0.9202328395767441,0.9119118231372072,0.9446288518879833,0.9762168066022686,0.0207544492027536,-0.01929044241251776,0.9585225633874752,0.02002690554670132
2024-10-01,0.9686975410615021,119.86456291137884,34.5386989080409,0.36368165962019866,105.8996615994082,0.9590105656508872,0.9382561164481336,0.9783010080634049,0.9202328395767441,0.9119118231372072,0.9446288518879833,0.009686975410614918,0.030441424613368517,0.9553214077201743,0.015552411317899435
2024-11-01,0.9601708930140461,118.98016007340097,34.7354056713754,0.36417063078073086,104.4814366800058,0.9686975410615021,0.9590105656508872,0.9382561164481336,0.9783010080634049,0.9202328395767441,0.9119118231372072,-0.008526648047455954,0.001160327363158964,0.9626263332421451,0.005289731863407889
2024-12-01,0.9301957694657726,118.6837522279438,34.51615339496176,0.2895118959583646,107.8017769720728,0.9601708930140461,0.9686975410615021,0.9590105656508872,0.9382561164481336,0.9783010080634049,0.9202328395767441,-0.029975123548273475,-0.03850177159572943,0.9530214011804402,0.020222092599716225
2025-01-01,0.9579839034496608,119.25491783450325,34.25151737905531,0.4113196610089135,104.38,0.9301957694657726,0.9601708930140461,0.9686975410615021,0.9590105656508872,0.9382561164481336,0.9783010080634049,0.02778813398388813,-0.0021869895643853443,0.9494501886431599,0.01671063207160515
2025-02-01,1.1361538764264896,119.53843395186992,36.29839144549181,0.5248148595596628,107.18920588936956,0.9579839034496608,0.9301957694657726,0.9601708930140461,0.9686975410615021,0.9590105656508872,0.9382561164481336,0.1781699729768288,0.20595810696071692,1.0081111831139744,0.1117552843520998
2025-03-01,0.9741454705822504,121.24915347952025,33.40325882936722,0.42167270129292017,103.07933480110388,1.1361538764264896,0.9579839034496608,0.9301957694657726,0.9601708930140461,0.9686975410615021,0.9590105656508872,-0.16200840584423915,0.01616156713258965,1.0227610834861336,0.09853295479765158
2025-04-01,0.9732905035406731,120.82475643699468,33.5755545452039,0.430023411291501,95.01,0.9741454705822504,1.1361538764264896,0.9579839034496608,0.9301957694657726,0.9601708930140461,0.9686975410615021,-0.0008549670415772814,-0.16286337288581643,1.027863283516471,0.09378337873398983
2025-05-01,1.0353849703045293,120.75117274782014,34.01352855440856,0.4678770062302676,95.01,0.9732905035406731,0.9741454705822504,1.1361538764264896,0.9579839034496608,0.9301957694657726,0.9601708930140461,0.062094466763856104,0.06123949972227882,0.9942736481424843,0.0356060156377273
2025-06-01,1.0471954452509686,120.42510411575188,33.90356687865105,0.49846043155260233,95.01,1.0353849703045293,0.9732905035406731,0.9741454705822504,1.1361538764264896,0.9579839034496608,0.9301957694657726,0.011810474946439387,0.07390494171029549,1.0186236396987238,0.03970128152916858
2025-07-01,1.0471954452509686,120.98215715227757,34.77038785885168,0.4214596684064401,95.01,1.0471954452509686,1.0353849703045293,0.9732905035406731,0.9741454705822504,1.1361538764264896,0.9579839034496608,0.0,0.011810474946439387,1.043258620268822,0.006818780889576457
2025-08-01,1.069241665150989,121.51539760762888,34.814019924279876,0.47279634940733556,95.01,1.0471954452509686,1.0471954452509686,1.0353849703045293,0.9732905035406731,0.9741454705822504,1.1361538764264896,0.022046219900020425,0.022046219900020425,1.054544185217642,0.012728390993885836
2025-09-01,1.0747532201259942,121.42227232272184,35.81302542639652,0.5634105379005663,95.01,1.069241665150989,1.0471954452509686,1.0471954452509686,1.0353849703045293,0.9732905035406731,0.9741454705822504,0.005511554975005106,0.02755777487502553,1.0637301101759837,0.014582203801119869
2025-10-01,1.0403060015322123,122.24794647159104,36.464495553173776,0.4954630261766722,95.01,1.0747532201259942,1.069241665150989,1.0471954452509686,1.0471954452509686,1.0353849703045293,0.9732905035406731,-0.03444721859378186,-0.028935663618776752,1.0614336289363984,0.018503426422100483
2025-11-01,1.0850873857041288,121.11620579348896,36.79406245421245,0.4463928710455888,95.01,1.0403060015322123,1.0747532201259942,1.069241665150989,1.0471954452509686,1.0471954452509686,1.0353849703045293,0.04478138417191646,0.010334165578134602,1.066715535787445,0.023447736974656557
2025-12-01,1.0361723353009586,120.22573333756182,36.89073956516121,0.301180045179673,95.01,1.0850873857041288,1.0403060015322123,1.0747532201259942,1.069241665150989,1.0471954452509686,1.0471954452509686,-0.048915050403170124,-0.004133666231253663,1.0538552408457666,0.027126683421826912
2026-01-01,0.9137577984876873,121.74364689389924,36.18595865675061,0.4318121745179885,95.01,1.0361723353009586,1.0850873857041288,1.0403060015322123,1.0747532201259942,1.069241665150989,1.0471954452509686,-0.1224145368132713,-0.17132958721644143,1.0116725064975916,0.08825326097365853
2026-02-01,0.8542910211257903,121.74364689389924,37.455182413966504,0.44390496985357447,95.01,0.9137577984876873,1.0361723353009586,1.0850873857041288,1.0403060015322123,1.0747532201259942,1.069241665150989,-0.059466777361897094,-0.1818813141751684,0.9347403849714787,0.09273836753568539
