producto,registros,provincias_distintas,provincias
Zanahoria Amarilla,1857,13,Azuay | Carchi | Chimborazo | Cotopaxi | El Oro | Guayas | Imbabura | Los Rios | Manabí | Pichincha | Santa Elena | Santo Domingo De Los Tsáchilas | Tungurahua
Haba Tierna en Vaina,1801,15,Azuay | Bolivar | Carchi | Cañar | Chimborazo | Cotopaxi | El Oro | Guayas | Imbabura | Loja | Los Rios | Pichincha | Santa Elena | Santo Domingo De Los Tsáchilas | Tungurahua
Pimiento,1753,14,Azuay | Bolivar | Chimborazo | Cotopaxi | El Oro | Guayas | Imbabura | Loja | Los Rios | Manabí | Pichincha | Santa Elena | Santo Domingo De Los Tsáchilas | Tungurahua
Maíz Suave Choclo,1742,13,Azuay | Bolivar | Cañar | Chimborazo | Cotopaxi | El Oro | Guayas | Imbabura | Loja | Pichincha | Santa Elena | Santo Domingo De Los Tsáchilas | Tungurahua
Tomate Riñón de Invernadero,1674,13,Azuay | Bolivar | Chimborazo | Cotopaxi | El Oro | Guayas | Imbabura | Loja | Los Rios | Manabí | Pichincha | Santa Elena | Tungurahua
Tomate de Árbol,1630,12,Azuay | Bolivar | Carchi | Chimborazo | Cotopaxi | Guayas | Imbabura | Loja | Pichincha | Santa Elena | Santo Domingo De Los Tsáchilas | Tungurahua
Cebolla Blanca en Rama,1495,12,Azuay | Bolivar | Chimborazo | Cotopaxi | El Oro | Guayas | Imbabura | Los Rios | Pichincha | Santa Elena | Santo Domingo De Los Tsáchilas | Tungurahua
Col,1492,13,Azuay | Bolivar | Chimborazo | Cotopaxi | El Oro | Guayas | Imbabura | Los Rios | Manabí | Pichincha | Santa Elena | Santo Domingo De Los Tsáchilas | Tungurahua
Pepinillo Pepino,1412,11,Azuay | Chimborazo | El Oro | Guayas | Imbabura | Los Rios | Manabí | Pichincha | Santa Elena | Santo Domingo De Los Tsáchilas | Tungurahua
Maracuyá,1381,12,Azuay | Chimborazo | El Oro | Guayas | Imbabura | Loja | Los Rios | Manabí | Pichincha | Santa Elena | Santo Domingo De Los Tsáchilas | Tungurahua
Limón Sutil,1377,13,Azuay | Chimborazo | El Oro | Guayas | Imbabura | Loja | Los Rios | Manabí | Peru | Pichincha | Santa Elena | Santo Domingo De Los Tsáchilas | Tungurahua
Mora de Castilla,1288,10,Azuay | Bolivar | Chimborazo | Cotopaxi | Guayas | Loja | Pichincha | Santa Elena | Santo Domingo De Los Tsáchilas | Tungurahua
Lechuga,1273,12,Azuay | Bolivar | Chimborazo | Cotopaxi | Guayas | Imbabura | Los Rios | Manabí | Pichincha | Santa Elena | Santo Domingo De Los Tsáchilas | Tungurahua
Yuca,1236,9,Azuay | Cotopaxi | Guayas | Loja | Los Rios | Manabí | Pichincha | Santa Elena | Santo Domingo De Los Tsáchilas
Naranjilla Híbrida,1230,10,Azuay | Bolivar | Chimborazo | El Oro | Guayas | Imbabura | Pichincha | Santa Elena | Santo Domingo De Los Tsáchilas | Tungurahua
Frutilla,1205,10,Azuay | Chimborazo | Cotopaxi | Guayas | Imbabura | Loja | Pichincha | Santa Elena | Santo Domingo De Los Tsáchilas | Tungurahua
Arveja Tierna en Vaina-Quantum,1096,12,Azuay | Bolivar | Carchi | Cañar | Chimborazo | El Oro | Guayas | Imbabura | Los Rios | Pichincha | Santa Elena | Tungurahua
Papa Superchola,1090,14,Azuay | Bolivar | Carchi | Cañar | Chimborazo | Cotopaxi | Guayas | Imbabura | Los Rios | Manabí | Pichincha | Santa Elena | Santo Domingo De Los Tsáchilas | Tungurahua
Aguacate Fuerte,1075,10,Azuay | Chimborazo | Cotopaxi | Guayas | Imbabura | Loja | Pichincha | Santa Elena | Santo Domingo De Los Tsáchilas | Tungurahua
Brócoli,1069,10,Azuay | Bolivar | Chimborazo | Cotopaxi | Guayas | Imbabura | Pichincha | Santa Elena | Santo Domingo De Los Tsáchilas | Tungurahua
Melón,1069,10,Azuay | Chimborazo | Guayas | Loja | Los Rios | Manabí | Pichincha | Santa Elena | Santo Domingo De Los Tsáchilas | Tungurahua
Banano (Guineo),1029,6,Azuay | Guayas | Los Rios | Pichincha | Santa Elena | Santo Domingo De Los Tsáchilas
Ajo Bulbo Seco,1007,10,Azuay | Chimborazo | Guayas | Imbabura | Loja | Peru | Pichincha | Santa Elena | Santo Domingo De Los Tsáchilas | Tungurahua
Cebolla Colorada Nacional Seca,984,10,Azuay | Carchi | Chimborazo | El Oro | Guayas | Imbabura | Loja | Manabí | Pichincha | Santa Elena
Papa Única,975,9,Azuay | Carchi | Chimborazo | Cotopaxi | El Oro | Guayas | Imbabura | Pichincha | Tungurahua
Remolacha,972,8,Azuay | Chimborazo | Cotopaxi | Guayas | Pichincha | Santa Elena | Santo Domingo De Los Tsáchilas | Tungurahua
Manzana Importada,960,10,Azuay | Bolivar | Chimborazo | Guayas | Imbabura | Loja | Pichincha | Santa Elena | Santo Domingo De Los Tsáchilas | Tungurahua
Sandía Nacional,945,8,Azuay | Chimborazo | Guayas | Los Rios | Manabí | Pichincha | Santa Elena | Santo Domingo De Los Tsáchilas
Plátano Dominico Verde,904,9,Azuay | Bolivar | El Oro | Guayas | Los Rios | Manabí | Pichincha | Santa Elena | Santo Domingo De Los Tsáchilas
Plátano Barraganete Verde,891,9,Azuay | Bolivar | Guayas | Loja | Los Rios | Manabí | Pichincha | Santa Elena | Santo Domingo De Los Tsáchilas
Piña,878,7,Azuay | Guayas | Los Rios | Manabí | Pichincha | Santa Elena | Santo Domingo De Los Tsáchilas
Naranja,875,9,Azuay | Bolivar | Guayas | Imbabura | Los Rios | Manabí | Pichincha | Santa Elena | Santo Domingo De Los Tsáchilas
Cebolla Perla Nacional Seca,847,5,Azuay | Carchi | Guayas | Imbabura | Pichincha
Plátano Barraganete Maduro,774,6,Azuay | Bolivar | Guayas | Los Rios | Pichincha | Santa Elena
Plátano Dominico Maduro,744,6,Azuay | Bolivar | Guayas | Los Rios | Pichincha | Santa Elena
Fréjol en Vaina - Gema,743,10,Carchi | Chimborazo | Cotopaxi | Guayas | Imbabura | Los Rios | Pichincha | Santa Elena | Santo Domingo De Los Tsáchilas | Tungurahua
Fréjol Tierno en Vaina Cargabello,733,9,Carchi | Chimborazo | Cotopaxi | Guayas | Imbabura | Los Rios | Pichincha | Santo Domingo De Los Tsáchilas | Tungurahua
Papa Súper Chola,694,14,Azuay | Bolivar | Carchi | Cañar | Chimborazo | Cotopaxi | Guayas | Imbabura | Loja | Los Rios | Manabí | Pichincha | Santa Elena | Tungurahua
Uva Negra,694,9,Azuay | Bolivar | Chimborazo | Guayas | Imbabura | Peru | Pichincha | Santa Elena | Tungurahua
Cebolla Colorada Peruana Seca,647,10,Bolivar | Chimborazo | Cotopaxi | Guayas | Manabí | Peru | Pichincha | Santa Elena | Santo Domingo De Los Tsáchilas | Tungurahua
Cebolla Colorada Nacional Húmeda,646,5,Chimborazo | Guayas | Los Rios | Pichincha | Tungurahua
Tomate Riñón a Campo Abierto,594,8,Azuay | Chimborazo | Guayas | Imbabura | Manabí | Pichincha | Santa Elena | Santo Domingo De Los Tsáchilas
Uva Rosada - Perú,578,8,Azuay | Bolivar | Guayas | Peru | Pichincha | Santa Elena | Santo Domingo De Los Tsáchilas | Tungurahua
Papaya Nacional,564,6,Azuay | Guayas | Loja | Los Rios | Pichincha | Santa Elena
Mandarina de la Costa,496,8,Azuay | Chimborazo | Guayas | Manabí | Pichincha | Santa Elena | Santo Domingo De Los Tsáchilas | Tungurahua
Papa Fripapa,437,5,Bolivar | Chimborazo | Cotopaxi | Guayas | Tungurahua
Papa Gabriela,419,7,Bolivar | Carchi | Chimborazo | Guayas | Los Rios | Pichincha | Tungurahua
Fréjol Tierno en Vaina Canario,379,3,Azuay | Bolivar | Chimborazo
Mandarina de la Sierra,367,4,Chimborazo | Cotopaxi | Pichincha | Tungurahua
Papa Capiro,363,3,Carchi | Imbabura | Pichincha
Melloco Blanco,342,4,Azuay | Chimborazo | Guayas | Tungurahua
Sandía Peruana,290,3,Azuay | Guayas | Pichincha
Arveja Tierna en Vaina,265,9,Azuay | Carchi | Chimborazo | Cotopaxi | Guayas | Imbabura | Pichincha | Santo Domingo De Los Tsáchilas | Tungurahua
Papa Leona Blanca o Cecilia,261,3,Chimborazo | Cotopaxi | Tungurahua
Melloco Caramelo,259,4,Azuay | Cañar | Chimborazo | Guayas
Granadilla,244,4,Chimborazo | Guayas | Pichincha | Tungurahua
Melloco Amarillo,218,1,Pichincha
Babaco,205,3,Chimborazo | Loja | Tungurahua
Naranjilla de Jugo,202,4,Chimborazo | Pichincha | Santo Domingo De Los Tsáchilas | Tungurahua
Uva Rosada-Chile,201,4,Chimborazo | Guayas | Pichincha | Tungurahua
Papa Rosita,192,3,Chimborazo | Guayas | Tungurahua
Papaya Camila,162,3,Guayas | Pichincha | Santa Elena
Papa Chaucha,137,3,Chimborazo | Guayas | Pichincha
Mango de Chupar,132,4,Azuay | Guayas | Pichincha | Santa Elena
Papa Uvilla o Bolona,115,2,Azuay | Chimborazo
Papaya Hawaiana,108,2,Chimborazo | Santo Domingo De Los Tsáchilas
Fréjol Tierno en Vaina Bola Rojo - Gema,106,2,Guayas | Pichincha
Melloco Rojo,101,2,Chimborazo | Tungurahua
Fréjol Tierno en Vaina Blanco Leche,95,6,Cotopaxi | Guayas | Imbabura | Pichincha | Santo Domingo De Los Tsáchilas | Tungurahua
Papa Bolona,92,2,El Oro | Loja
Aguacate Nacional,91,3,Azuay | Guayas | Manabí
Naranjilla Roja Palora,90,1,Tungurahua
Papa suprema,86,1,Cotopaxi
Papa Semi Uvilla,85,1,Chimborazo
Frejol tierno en Vaina Centenario,78,1,Imbabura
Papa Puzda,78,1,Tungurahua
Papa Diamante,76,3,Carchi | Guayas | Pichincha
Maíz Duro Choclo,71,2,Guayas | Manabí
Zapallo,66,1,Santa Elena
Fréjol Tierno en Vaina Paragache,65,2,Carchi | Imbabura
Cebolla Perla Peruana Seca,53,4,Guayas | Pichincha | Santo Domingo De Los Tsáchilas | Tungurahua
Papa Esperanza,43,5,Azuay | Cotopaxi | Imbabura | Santo Domingo De Los Tsáchilas | Tungurahua
Coco Seco,42,1,Santa Elena
Coco manila,42,1,Santa Elena
Arveja Tierna en Vaina-Semiverde,40,2,Guayas | Pichincha
Camote,22,1,Loja
Fréjol tierno en Vaina - Mantequilla,22,1,Loja
Papaya Passion Red,22,1,Loja
Tamarindo,22,1,Loja
Tomate Cherry,21,1,Loja
Papa Santa Catalina,18,1,Tungurahua
Aguacate Guatemalteco,17,1,Chimborazo
Papa Pan,12,1,Chimborazo
Papa Roja Básica,12,1,Imbabura
Papa Roja Plancha,12,1,Imbabura
Papa Leona Negra,10,1,Cotopaxi
Ají,8,1,Loja
Maíz Amarillo Choclo,7,1,Guayas
Limón Mayer,6,1,Chimborazo
Manzana Importada - Italia,1,1,Chimborazo
