Año,Mes,IPM,,,,,
2013,Enero,90.73843861647072,,,,,
2013,Febrero,90.36617655067693,,,,,
2013,Marzo,89.76601946593365,,,,,
2013,Abril,89.45085621434777,,,,,
2013,Mayo,91.27404794725226,,,,,
2013,Junio,88.79296923807087,,,,,
2013,Julio,89.61753732646407,,,,,
2013,Agosto,88.00336552000263,,,,,
2013,Septiembre,89.7828143048173,,,,,
2013,Octubre,91.59834158589324,,,,,
2013,Noviembre,93.00162205220069,,,,,
2013,Diciembre,93.7355342226447,,,,,
2014,Enero,93.31735342690277,,,,,
2014,Febrero,93.68108237277444,,,,,
2014,Marzo,95.668316206403,,,,,
2014,Abril,94.39844149809119,,,,,
2014,Mayo,95.31700709015279,,,,,
2014,Junio,96.0459355517112,,,,,
2014,Julio,98.20192394188261,,,,,
2014,Agosto,98.23885424225703,,,,,
2014,Septiembre,99.0849751610405,,,,,
2014,Octubre,100.50857493153187,,,,,
2014,Noviembre,100.14891250909224,,,,,
2014,Diciembre,98.8749725228921,,,,,
2015,Enero,96.79615569094616,,,,,
2015,Febrero,94.22143689828717,,,,,
2015,Marzo,97.62738356180827,,,,,
2015,Abril,99.78165940824904,,,,,
2015,Mayo,101.23860648206507,,,,,
2015,Junio,102.12360436494231,,,,,
2015,Julio,101.22587116224615,,,,,
2015,Agosto,101.57132687483485,,,,,
2015,Septiembre,100.76740960122483,,,,,
2015,Octubre,100.76324088757106,,,,,
2015,Noviembre,102.15214011039247,,,,,
2015,Diciembre,100.84698158833218,,,,,
2016,Enero,100,,,,,
2016,Febrero,100.15702620789267,,,,,
2016,Marzo,100.36575957596568,,,,,
2016,Abril,100.21469794650261,,,,,
2016,Mayo,99.12755782063581,,,,,
2016,Junio,96.71223582960162,,,,,
2016,Julio,95.09800096248989,,,,,
2016,Agosto,94.17593349498311,,,,,
2016,Septiembre,92.90959609384296,,,,,
2016,Octubre,90.74831929976158,,,,,
2016,Noviembre,90.0906853342623,,,,,
2016,Diciembre,92.27567399471785,,,,,
2017,Enero,96.04567941153522,,,,,
2017,Febrero,96.76925781574016,,,,,
2017,Marzo,97.26825637600805,,,,,
2017,Abril,98.25531315005473,,,,,
2017,Mayo,99.25248513073534,,,,,
2017,Junio,99.3109717555539,,,,,
2017,Julio,98.2211539001768,,,,,
2017,Agosto,95.12691883535356,,,,,
2017,Septiembre,92.50700260137717,,,,,
2017,Octubre,91.11013432877608,,,,,
2017,Noviembre,89.21945695998897,,,,,
2017,Diciembre,89.62912060938197,,,,,
2018,Enero,88.28073779062005,,,,,
2018,Febrero,88.93685839660316,,,,,
2018,Marzo,89.49485178556814,,,,,
2018,Abril,87.31334686484563,,,,,
2018,Mayo,85.40568132403492,,,,,
2018,Junio,86.66422650516537,,,,,
2018,Julio,90.81054678737638,,,,,
2018,Agosto,92.09545845145173,,,,,
2018,Septiembre,93.79957575986727,,,,,
2018,Octubre,92.7483807967459,,,,,
2018,Noviembre,91.75352677174894,,,,,
2018,Diciembre,90.50113412123257,,,,,
2019,Enero,93.02867686285488,,,,,
2019,Febrero,90.66036068855563,,,,,
2019,Marzo,91.25018103400063,,,,,
2019,Abril,90.14090611015037,,,,,
2019,Mayo,88.10622470093224,,,,,
2019,Junio,92.7,,,,,
2019,Julio,92.69350742726668,,,,,
2019,Agosto,91.16784068602642,,,,,
2019,Septiembre,91.68066500848647,,,,,
2019,Octubre,95.0721243139318,,,,,
2019,Noviembre,88.05678357949337,,,,,
2019,Diciembre,89.98418532777934,,,,,
2020,Enero,88.74053989230713,,,,,
2020,Febrero,89.30107906197435,,,,,
2020,Marzo,96.61422177486233,,,,,
2020,Abril,99.71696273600695,,,,,
2020,Mayo,93.05258864813786,,,,,
2020,Junio,93.5649788373941,,,,,
2020,Julio,93.11665820630758,,,,,
2020,Agosto,89.62465281624871,,,,,
2020,Septiembre,86.87174832548851,,,,,
2020,Octubre,84.4552601081578,,,,,
2020,Noviembre,83.21833313161638,,,,,
2020,Diciembre,82.0385697892736,,,,,
2021,Enero,83.82314185005556,,,,,
2021,Febrero,86.55235063984662,,,,,
2021,Marzo,90.15702171365892,,,,,
2021,Abril,89.75438478349835,,,,,
2021,Mayo,88.43143185191153,,,,,
2021,Junio,90.00517401347898,,,,,
2021,Julio,90.12552687131276,,,,,
2021,Agosto,90.1531704052227,,,,,
2021,Septiembre,90.32938273911367,,,,,
2021,Octubre,90.71588485521067,,,,,
2021,Noviembre,91.21073124862598,,,,,
2021,Diciembre,92.84514594516622,,,,,
2022,Enero,94.0418644522278,,,,,
2022,Febrero,94.23323914598559,,,,,
2022,Marzo,95.97762848829085,,,,,
2022,Abril,98.53853237190295,,,,,
2022,Mayo,101.06768934677073,,,,,
2022,Junio,106.43832854608016,,,,,
2022,Julio,100.10901781372479,,,,,
2022,Agosto,98.28856404456582,,,,,
2022,Septiembre,100.15837631663705,,,,,
2022,Octubre,99.79,,,,,
2022,Noviembre,100.86,,,,,
2022,Diciembre,99.66657566507234,,,,,
2023,Enero,97.3536941216633,,,,,
2023,Febrero,97.12,,,,,
2023,Marzo,98.75085466952608,,,,,
2023,Abril,99.49,,,,,
2023,Mayo,98.92251943062216,,,,,
2023,Junio,110.01,,,,,
2023,Julio,108.86,,,,,
2023,Agosto,111.36585533429037,,,,,
2023,Septiembre,110.32355757265519,,,,,
2023,Octubre,106.2838507869781,,,,,
2023,Noviembre,104.472067096092,,,,,
2023,Diciembre,103.417244572151,,,,,
2024,Enero,104.66,,,,,
2024,Febrero,105.46,,,,,
2024,Marzo,106.32,,,,,
2024,Abril,107.89,,,,,
2024,Mayo,106.83,,,,,
2024,Junio,107.73,,,,,
2024,Julio,109.03,,,,,
2024,Agosto,107.52,,,,,
2024,Septiembre,107.72,,,,,
2024,Octubre,106.247372727272,,,,,
2024,Noviembre,105.33,,,,,
2024,Diciembre,105.79,,,,,
2025,Enero,105.17,,,,,
2025,Febrero,107.14,,,,,
2025,Marzo,108.16,,,,,
2025,Abril,106.01,,,,,
2025,Mayo,104.14,,,,,
2025,Junio,105.77,,,,,
2025,Julio,107.79,,,,,
2025,Agosto,104.74,,,,,
2025,Septiembre,108.34,,,,,
2025,Octubre,106.31,,,,,
2025,Noviembre,104.24,,,,,
2025,Diciembre,106.04,,,,,
2026,Enero,106.72776304175578,,,,,
