Año,Mes,IPP-N,,,,,
2013,Enero,96.50536509802734,,,,,
2013,Febrero,98.7952568065238,,,,,
2013,Marzo,100.5278512016614,,,,,
2013,Abril,95.24080291931489,,,,,
2013,Mayo,93.07772180152364,,,,,
2013,Junio,93.06190483735303,,,,,
2013,Julio,95.65734908566412,,,,,
2013,Agosto,95.48225531962991,,,,,
2013,Septiembre,95.17719219908875,,,,,
2013,Octubre,95.29946740108014,,,,,
2013,Noviembre,97.32582534909433,,,,,
2013,Diciembre,97.40920370200789,,,,,
2014,Enero,97.7325153686191,,,,,
2014,Febrero,99.22604653156618,,,,,
2014,Marzo,100.3618329293947,,,,,
2014,Abril,98.85863621430978,,,,,
2014,Mayo,98.77707254312205,,,,,
2014,Junio,99.30166468414308,,,,,
2014,Julio,102.3283870718244,,,,,
2014,Agosto,103.32264546893633,,,,,
2014,Septiembre,104.96964479714268,,,,,
2014,Octubre,106.06188232862037,,,,,
2014,Noviembre,106.2524510708894,,,,,
2014,Diciembre,105.88903582028149,,,,,
2015,Enero,105.61969171860564,,,,,
2015,Febrero,105.09468453950268,,,,,
2015,Marzo,109.0344118446227,,,,,
2015,Abril,106.27013119627489,,,,,
2015,Mayo,105.68555500616381,,,,,
2015,Junio,105.72147546310684,,,,,
2015,Julio,104.74714449750407,,,,,
2015,Agosto,108.49955786376582,,,,,
2015,Septiembre,104.15865260713718,,,,,
2015,Octubre,102.72700970675635,,,,,
2015,Noviembre,103.14092336700229,,,,,
2015,Diciembre,100.59114535957674,,,,,
2016,Enero,99.99999999999999,,,,,
2016,Febrero,100.2532106193035,,,,,
2016,Marzo,99.23030599554397,,,,,
2016,Abril,106.12279002367964,,,,,
2016,Mayo,103.62766423622132,,,,,
2016,Junio,102.68874358935827,,,,,
2016,Julio,102.4870711494968,,,,,
2016,Agosto,102.12867708135678,,,,,
2016,Septiembre,100.96345163585332,,,,,
2016,Octubre,98.78741473330955,,,,,
2016,Noviembre,97.77124882799976,,,,,
2016,Diciembre,99.95312657717108,,,,,
2017,Enero,97.900896734359,,,,,
2017,Febrero,98.32298974729969,,,,,
2017,Marzo,102.98660839957942,,,,,
2017,Abril,98.85195984083418,,,,,
2017,Mayo,95.36070581510613,,,,,
2017,Junio,98.37871496745885,,,,,
2017,Julio,100.38979992876315,,,,,
2017,Agosto,101.88416902151182,,,,,
2017,Septiembre,101.07731467228116,,,,,
2017,Octubre,98.43806966710157,,,,,
2017,Noviembre,98.39894909783992,,,,,
2017,Diciembre,96.6658809800047,,,,,
2018,Enero,91.07680235373611,,,,,
2018,Febrero,90.9261347242377,,,,,
2018,Marzo,91.93973217936272,,,,,
2018,Abril,90.8306483565985,,,,,
2018,Mayo,88.71144333046914,,,,,
2018,Junio,88.85391452247688,,,,,
2018,Julio,89.80251354209749,,,,,
2018,Agosto,89.98197905979633,,,,,
2018,Septiembre,90.04183365111473,,,,,
2018,Octubre,89.02708539962859,,,,,
2018,Noviembre,87.74584078250196,,,,,
2018,Diciembre,88.335671121338,,,,,
2019,Enero,91.73969865733245,,,,,
2019,Febrero,91.14905171803656,,,,,
2019,Marzo,93.05374005886844,,,,,
2019,Abril,89.56092330719511,,,,,
2019,Mayo,89.54297254970264,,,,,
2019,Junio,93.28674845493015,,,,,
2019,Julio,93.19658319319215,,,,,
2019,Agosto,92.44789944728699,,,,,
2019,Septiembre,93.654518292222,,,,,
2019,Octubre,94.19234569294179,,,,,
2019,Noviembre,93.07144350287896,,,,,
2019,Diciembre,91.95981483373139,,,,,
2020,Enero,93.66584494916692,,,,,
2020,Febrero,97.15054598513123,,,,,
2020,Marzo,99.24394012005274,,,,,
2020,Abril,97.43120562605806,,,,,
2020,Mayo,96.05889242920492,,,,,
2020,Junio,96.52886841498575,,,,,
2020,Julio,95.74749920387195,,,,,
2020,Agosto,91.25497640729179,,,,,
2020,Septiembre,87.77507209241139,,,,,
2020,Octubre,87.06224856669488,,,,,
2020,Noviembre,86.77619790402845,,,,,
2020,Diciembre,87.03225511626644,,,,,
2021,Enero,88.2617465529793,,,,,
2021,Febrero,89.84503511298021,,,,,
2021,Marzo,92.12291706969789,,,,,
2021,Abril,86.32613642173338,,,,,
2021,Mayo,87.0871117251322,,,,,
2021,Junio,89.92839182028855,,,,,
2021,Julio,90.21534976886625,,,,,
2021,Agosto,88.39180890367169,,,,,
2021,Septiembre,86.00309850672903,,,,,
2021,Octubre,85.28322796427891,,,,,
2021,Noviembre,88.27,,,,,
2021,Diciembre,91.16867793875423,,,,,
2022,Enero,91.16867793875423,,,,,
2022,Febrero,92.71937565632958,,,,,
2022,Marzo,100.60970286451266,,,,,
2022,Abril,102.1451008707699,,,,,
2022,Mayo,103.82324583846881,,,,,
2022,Junio,106.74792571668279,,,,,
2022,Julio,103.398558525028,,,,,
2022,Agosto,102.93974502000182,,,,,
2022,Septiembre,102.42912160522202,,,,,
2022,Octubre,102.15492781,,,,,
2022,Noviembre,102.2431738191,,,,,
2022,Diciembre,101.67341805325533,,,,,
2023,Enero,103.18500625178298,,,,,
2023,Febrero,102.08,,,,,
2023,Marzo,106.9850666114509,,,,,
2023,Abril,104.08101441415631,,,,,
2023,Mayo,100.64878647200568,,,,,
2023,Junio,106.39872791688548,,,,,
2023,Julio,110.56790200872655,,,,,
2023,Agosto,113.39640470044716,,,,,
2023,Septiembre,113.10828180675765,,,,,
2023,Octubre,111.7568389575871,,,,,
2023,Noviembre,110.81659141958129,,,,,
2023,Diciembre,110.16194364620848,,,,,
2024,Enero,112.47328966262779,,,,,
2024,Febrero,110.01620800053206,,,,,
2024,Marzo,115.90210724667054,,,,,
2024,Abril,112.04008019807856,,,,,
2024,Mayo,110.15682579624308,,,,,
2024,Junio,111.9608281795724,,,,,
2024,Julio,109.74519748323853,,,,,
2024,Agosto,107.58459216451759,,,,,
2024,Septiembre,106.88058359301911,,,,,
2024,Octubre,105.8996615994082,,,,,
2024,Noviembre,104.4814366800058,,,,,
2024,Diciembre,107.80177697207279,,,,,
2025,Enero,104.38,,,,,
2025,Febrero,107.18920588936956,,,,,
2025,Marzo,103.07933480110387,,,,,
2025,Abril,95.01,,,,,
