Año,Mes,IBC,,,,,
2013,Enero,180.04891831146497,,,,,
2013,Febrero,242.30890106358086,,,,,
2013,Marzo,276.08790851196477,,,,,
2013,Abril,184.95864348950812,,,,,
2013,Mayo,193.06605981056595,,,,,
2013,Junio,172.23786406145985,,,,,
2013,Julio,114.43578964039925,,,,,
2013,Agosto,109.65100776117465,,,,,
2013,Septiembre,153.62912910461995,,,,,
2013,Octubre,209.1310471676241,,,,,
2013,Noviembre,230.99399092698596,,,,,
2013,Diciembre,325.6867301193474,,,,,
2014,Enero,246.4292510682647,,,,,
2014,Febrero,277.54687264931823,,,,,
2014,Marzo,305.96189003912104,,,,,
2014,Abril,201.99510761591074,,,,,
2014,Mayo,200.21486650617376,,,,,
2014,Junio,245.78278016767538,,,,,
2014,Julio,126.02405926422321,,,,,
2014,Agosto,214.00678549101104,,,,,
2014,Septiembre,259.0738044951316,,,,,
2014,Octubre,223.8686439898083,,,,,
2014,Noviembre,295.30449106553584,,,,,
2014,Diciembre,277.10568997105105,,,,,
2015,Enero,276.8068654683308,,,,,
2015,Febrero,362.9570201852375,,,,,
2015,Marzo,330.13011529710025,,,,,
2015,Abril,237.40260799997515,,,,,
2015,Mayo,279.4914495217418,,,,,
2015,Junio,239.53965185587512,,,,,
2015,Julio,207.80023407449852,,,,,
2015,Agosto,305.5971329517655,,,,,
2015,Septiembre,208.28012669086297,,,,,
2015,Octubre,335.6141657971323,,,,,
2015,Noviembre,342.91769781643416,,,,,
2015,Diciembre,347.7039708436745,,,,,
2016,Enero,300.8304086395933,,,,,
2016,Febrero,351.5685363653529,,,,,
2016,Marzo,321.59654523160765,,,,,
2016,Abril,281.86202967532563,,,,,
2016,Mayo,351.67551533131393,,,,,
2016,Junio,318.2155323356282,,,,,
2016,Julio,316.9008848910181,,,,,
2016,Agosto,247.9437193496144,,,,,
2016,Septiembre,282.25516554073585,,,,,
2016,Octubre,381.0204029673635,,,,,
2016,Noviembre,297.3000499435929,,,,,
2016,Diciembre,318.3163614688067,,,,,
2017,Enero,393.4842146837502,,,,,
2017,Febrero,392.62593862516593,,,,,
2017,Marzo,340.3079521529929,,,,,
2017,Abril,330.89532557748174,,,,,
2017,Mayo,286.58639031591645,,,,,
2017,Junio,271.7671614708417,,,,,
2017,Julio,267.71595663813423,,,,,
2017,Agosto,196.95407301039867,,,,,
2017,Septiembre,241.33302541397387,,,,,
2017,Octubre,303.31943568297055,,,,,
2017,Noviembre,242.33268335555806,,,,,
2017,Diciembre,345.6324288663753,,,,,
2018,Enero,328.10362054120696,,,,,
2018,Febrero,333.7469363192475,,,,,
2018,Marzo,376.9046543594386,,,,,
2018,Abril,317.0376827610709,,,,,
2018,Mayo,298.5739335871213,,,,,
2018,Junio,226.84007892996962,,,,,
2018,Julio,210.22108043316845,,,,,
2018,Agosto,229.80295573120998,,,,,
2018,Septiembre,296.07947433828224,,,,,
2018,Octubre,273.54630633973073,,,,,
2018,Noviembre,301.05261294110267,,,,,
2018,Diciembre,375.0199531882431,,,,,
2019,Enero,302.1040429874755,,,,,
2019,Febrero,352.05299423586195,,,,,
2019,Marzo,315.04345609191915,,,,,
2019,Abril,307.49079787531707,,,,,
2019,Mayo,295.12485444396873,,,,,
2019,Junio,261.4060652865648,,,,,
2019,Julio,229.0259267118532,,,,,
2019,Agosto,279.30522448364337,,,,,
2019,Septiembre,268.3937523002859,,,,,
2019,Octubre,222.46704860374302,,,,,
2019,Noviembre,381.9814930290031,,,,,
2019,Diciembre,520.060189173586,,,,,
2020,Enero,418.72134019438806,,,,,
2020,Febrero,459.6352801583994,,,,,
2020,Marzo,400.62897009783813,,,,,
2020,Abril,302.5898362114367,,,,,
2020,Mayo,354.44347710344067,,,,,
2020,Junio,401.48191799130257,,,,,
2020,Julio,390.7403310696489,,,,,
2020,Agosto,432.9488518134864,,,,,
2020,Septiembre,389.1476099175865,,,,,
2020,Octubre,344.49686235739364,,,,,
2020,Noviembre,418.63400894933767,,,,,
2020,Diciembre,387.45139280747645,,,,,
2021,Enero,370.4872979667096,,,,,
2021,Febrero,371.13726571030753,,,,,
2021,Marzo,287.27542389197697,,,,,
2021,Abril,237.241878958171,,,,,
2021,Mayo,340.2938001843754,,,,,
2021,Junio,236.78632196497148,,,,,
2021,Julio,214.39188774428212,,,,,
2021,Agosto,267.4470313204882,,,,,
2021,Septiembre,243.73984571452408,,,,,
2021,Octubre,361.35029964462535,,,,,
2021,Noviembre,345.87800545193625,,,,,
2021,Diciembre,345.3860928719633,,,,,
2022,Enero,314.1075183610775,,,,,
2022,Febrero,329.69630813083336,,,,,
2022,Marzo,179.07707367707349,,,,,
2022,Abril,204.96368521707427,,,,,
2022,Mayo,268.7214063635081,,,,,
2022,Junio ,25.63,,,,,
2022,Julio,192.48418600759345,,,,,
2022,Agosto,110.42277895468828,,,,,
2022,Septiembre,104.24323942595734,,,,,
2022,Octubre,306.4828905755133,,,,,
2022,Noviembre,312.4697975599329,,,,,
2022,Diciembre,362.45641130370376,,,,,
2023,Enero,339.200977541764,,,,,
2023,Febrero,312.83965805591106,,,,,
2023,Marzo,329.0336,,,,,
2023,Abril,314.72125643870584,,,,,
2023,Mayo,232.33,,,,,
2023,Junio,230.884941414758,,,,,
2023,Julio,294.8527169522264,,,,,
2023,Agosto,250.56283166165167,,,,,
2023,Septiembre,314.18782965878165,,,,,
2023,Octubre,336.52,,,,,
2023,Noviembre,304.4504754255826,,,,,
2023,Diciembre,537.319736546466,,,,,
2024,Enero,371.36784966424665,,,,,
2024,Febrero,544.3686748762918,,,,,
2024,Marzo,467.5878260515049,,,,,
2024,Abril,517.0091257146893,,,,,
2024,Mayo,492.093786913819,,,,,
2024,Junio,437.6221412248598,,,,,
2024,Julio,448.1688749879122,,,,,
2024,Agosto,515.2523980881972,,,,,
2024,Septiembre,609.69,,,,,
2024,Octubre,545.86,,,,,
2024,Noviembre,825.38,,,,,
2024,Diciembre,932.7250215638671,,,,,
2025,Enero,814.7508426655235,,,,,
2025,Febrero,784.7367099409681,,,,,
2025,Marzo,775.1709386019182,,,,,
2025,Abril,594.6190318419519,,,,,
2025,Mayo,599.7222682700423,,,,,
2025,Junio,602.1679083280907,,,,,
2025,Julio,537.9616050566132,,,,,
2025,Agosto,637.9990865713016,,,,,
2025,Septiembre,515.069963010528,,,,,
2025,Octubre,659.3121919556191,,,,,
2025,Noviembre,885.2780354924874,,,,,
2025,Diciembre,785.3055934542274,,,,,
