año,mes,ipc_alimentos_y_bebidas_no_alcohólicas,inflación_mensual,inflación_anual,inflación_acumulada
2005,Enero,57.228169245012545,,,
2005,Febrero,57.62603473484567,0.006952266603702295,,
2005,Marzo,58.08210305555461,0.007914275601426546,,
2005,Abril,58.970983789061144,0.015303866195346405,,
2005,Mayo,59.3498318777924,0.006424313524875158,,
2005,Junio,59.27371547935046,-0.0012825040279587085,,
2005,Julio,58.64595721880407,-0.010590837025647226,,
2005,Agosto,58.23742454096017,-0.006966084231854075,,
2005,Septiembre,58.59194759478505,0.006087546910243713,,
2005,Octubre,59.40179108809051,0.013821754124069274,,
2005,Noviembre,59.76377116326236,0.006093756914417714,,
2005,Diciembre,60.17178250597402,0.006827068218253185,,
2006,Enero,60.90521491529737,0.012188975941514357,0.06425237289248575,0.012188975941514357
2006,Febrero,62.02891034428427,0.018449904996635347,0.0764042785469714,0.03086376638627697
2006,Marzo,63.10296688511031,0.017315418485745138,0.08644424987079624,0.04871360390304669
2006,Abril,62.45206480449576,-0.01031492040302362,0.059030404306742223,0.03789620655321868
2006,Mayo,61.905234465348336,-0.008756000956241627,0.04305661038463904,0.028808386376159234
2006,Junio,61.358441577548675,-0.00883274076129592,0.03517117294468375,0.019721188606251383
2006,Julio,61.235612198361665,-0.002001833423878163,0.044157433902831,0.017679876647862747
2006,Agosto,61.606576671178786,0.006057985859853066,0.05785201108694271,0.02384496695045235
2006,Septiembre,62.20603562222983,0.009730437616273013,0.06168233308166138,0.03380742653009894
2006,Octubre,62.6604225578398,0.007304547397448902,0.05485746153540827,0.041358921877022725
2006,Noviembre,63.07873861352087,0.00667592139671469,0.05546784256975168,0.048310952185241174
2006,Diciembre,62.86338597840442,-0.0034140288764474835,0.04473198832298464,0.04473198832298464
2007,Enero,63.09520362807081,0.003687641797500696,0.03595732673826246,0.003687641797500696
2007,Febrero,63.16228708134305,0.0010632100288903157,0.018271749910938384,0.004754772564133036
2007,Marzo,63.385484915728405,0.0035337199569405175,0.004477095841348699,0.008305294555774223
2007,Abril,63.1957121996466,-0.0029939459536219015,0.011907490928903641,0.005286482999123487
2007,Mayo,62.927225725551814,-0.0042484919427221435,0.016508963563905743,0.0010155314759743295
2007,Junio,63.70913025132355,0.012425536272358428,0.03831076235539532,0.013453686271523324
2007,Julio,64.53196958734165,0.012915563793950868,0.053830724812581776,0.026543012008777955
2007,Agosto,64.17495673183991,-0.005532340912337008,0.04169003050388098,0.020863826105168126
2007,Septiembre,64.65397797700068,0.007464301801751061,0.03935216784488449,0.028483861801707366
2007,Octubre,64.8327379064871,0.002764871320833695,0.03466806095413899,0.03132748733514301
2007,Noviembre,65.53473499876759,0.010827818089265806,0.038935407384958154,0.04249451375846758
2007,Diciembre,66.45771587841327,0.014083842403010083,0.05717684219624464,0.05717684219624464
2008,Enero,67.9461721883547,0.022397042845478055,0.07688331729427533,0.022397042845478055
2008,Febrero,69.3094680289798,0.02006435089302583,0.0973235965904804,0.04291077586512171
2008,Marzo,71.82431534145594,0.03628432570604412,0.13313506139374098,0.08075209013895468
2008,Abril,73.92003148174277,0.029178365715338828,0.16970010952983827,0.11228666987264613
2008,Mayo,75.57051227315588,0.02232792327504307,0.20091917928729242,0.13712172129741562
2008,Junio,76.65563138745374,0.014359028166642585,0.20321264919263626,0.1534496841224262
2008,Julio,77.23933441480902,0.007614613783623714,0.19691580636274275,0.16223275798586134
2008,Agosto,77.36127686436103,0.0015787610092174997,0.20547454652164698,0.16406764574780475
2008,Septiembre,77.90493414480734,0.007027511727857316,0.20495190833455634,0.17224814478031658
2008,Octubre,77.61739908221712,-0.003690845332797066,0.19719452839042906,0.16792155818627408
2008,Noviembre,76.81935342779647,-0.010281788153907456,0.17219293599403573,0.15591323614462138
2008,Diciembre,77.09048768449198,0.003529504540159323,0.1599930371596241,0.1599930371596241
2009,Enero,78.09069224449246,0.01297442252660308,0.1493023040064123,0.01297442252660308
2009,Febrero,78.36826646268561,0.0035545109182040235,0.1307007352865288,0.016575051171335176
2009,Marzo,79.73482691056894,0.01743767611006186,0.11013695754016006,0.03430175765523047
2009,Abril,80.50110736699354,0.009610360818667951,0.08902966832307424,0.044241770741679565
2009,Mayo,80.21431070796271,-0.0035626424084250763,0.06144987370234345,0.04052151072458643
2009,Junio,79.74445306514806,-0.005857528895626407,0.04029477837162365,0.034426625908996256
2009,Julio,79.47363169893666,-0.0033961154136972205,0.028926936010718052,0.030913593700407915
2009,Agosto,78.48895553548373,-0.012389973157173717,0.014576784624430017,0.018140601947094437
2009,Septiembre,78.49641011213784,9.497612247799658e-05,0.007592278638360428,0.018237300993604766
2009,Octubre,79.1108494282187,0.007827610399037344,0.019241179988775725,0.026207665879550035
2009,Noviembre,79.40805957998543,0.0037568823229032766,0.033698619380103434,0.030063007319120594
2009,Diciembre,80.5544629209652,0.014436863802534061,0.04493388666381537,0.04493388666381537
2010,Enero,81.94167965204011,0.017220855068402097,0.04931429465999204,0.017220855068402097
2010,Febrero,82.39461949313933,0.005527587950632684,0.05137733947925005,0.02284363281001056
2010,Marzo,82.76811191528508,0.004532971017322751,0.03804215952106205,0.027480153352791525
2010,Abril,83.47390133036171,0.008527310805386268,0.036928609563289694,0.036241795966796886
2010,Mayo,83.33034693753038,-0.0017197518091696118,0.038846387908415325,0.034459717263445766
2010,Junio,83.05072135722166,-0.003355627218477153,0.041460793384243466,0.030988456079778404
2010,Julio,82.93241671562157,-0.0014244866229545794,0.04352116472778711,0.029519826815672223
2010,Agosto,83.02737961589563,0.001145063704096394,0.05782245475747416,0.030698692602006306
2010,Septiembre,82.90234490449339,-0.0015059455324336612,0.05612912470852294,0.029146516510597076
2010,Octubre,83.38367114118722,0.005805942368075856,0.054010565476805716,0.03512168187376363
2010,Noviembre,84.05720669703639,0.008077547397843832,0.05854754720921007,0.043482926321634974
2010,Diciembre,84.9059649025256,0.010097387705831684,0.05401937799312018,0.05401937799312018
2011,Enero,85.93799412810078,0.012154967283629414,0.04877022893636984,0.012154967283629414
2011,Febrero,86.73498110610737,0.00927397696551524,0.052677731139100015,0.021541669135749508
2011,Marzo,87.20876540120064,0.005462436136507209,0.05365174320347754,0.027121775264184578
2011,Abril,88.50945113125555,0.014914621529970695,0.060324840706376115,0.042440907807441475
2011,Mayo,89.13033205136207,0.007014854483571309,0.06960231568674158,0.04975347908343264
2011,Junio,88.4576458541269,-0.007547219692254026,0.06510388360925501,0.04183075895408206
2011,Julio,88.47633682979883,0.00021129858805823964,0.06684865018690545,0.04205089632244463
2011,Agosto,89.07333393629747,0.006747534175686853,0.07281880204303537,0.049082170358185406
2011,Septiembre,90.00911933644863,0.010505786174124898,0.08572464916574463,0.0601036033190554
2011,Octubre,90.20430854214393,0.0021685492218370683,0.08179823828346255,0.06240249016309973
2011,Noviembre,90.85289684936346,0.007190214278029794,0.0808460145103378,0.07004139171688473
2011,Diciembre,90.70602848359583,-0.0016165512698086415,0.06831161494635696,0.06831161494635696
2012,Enero,91.13622947496016,0.004742804845017989,0.06048820896506846,0.004742804845017989
2012,Febrero,92.05522787274066,0.010083787787523057,0.06133911253320923,0.014874418070115691
2012,Marzo,94.31912235987603,0.024592785651077254,0.08153259510055522,0.03983300709647564
2012,Abril,93.91859333971826,-0.004246530397404968,0.06111372445911112,0.035417324623615576
2012,Mayo,93.088285238433,-0.00884072122206836,0.04440635523258374,0.026263488708118343
2012,Junio,93.12530683692754,0.0003977041622338362,0.052767185218765,0.026671637969126083
2012,Julio,93.42720922188992,0.0032418941232703613,0.0559570227417423,0.02999999871878667
2012,Agosto,93.84991440348671,0.004524433354236912,0.0536252574828433,0.03466016506785374
2012,Septiembre,95.67521038562593,0.019449095864827015,0.06295018872474234,0.05478336980577625
2012,Octubre,95.61212097589298,-0.0006594122916340206,0.05995071101534455,0.05408783268671513
2012,Noviembre,95.79047653101313,0.0018654073698993745,0.05434697024395718,0.05605413589833019
2012,Diciembre,95.21134898183409,-0.006045773756971906,0.049669471517574504,0.049669471517574504
2013,Enero,95.74014275529179,0.005553894353062638,0.05051682856373341,0.005553894353062638
2013,Febrero,95.59754937820824,-0.0014893791985249871,0.03848039472961351,0.0040562432998174636
2013,Marzo,96.33651696654667,0.007729984640242993,0.02138903073093945,0.011817582638465218
2013,Abril,96.15599011962047,-0.001873919180500283,0.023822724556885166,0.009921518263191542
2013,Mayo,95.28826851139266,-0.009024103512930814,0.023633298941157843,0.0008078819424481853
2013,Junio,94.6785748920256,-0.006398412195874559,0.01667933355449769,-0.005595699415099631
2013,Julio,94.16707901742858,-0.005402445856207083,0.007919211134536308,-0.010967914808189039
2013,Agosto,94.53415375112232,0.003898121695224299,0.007290782863092149,-0.007112547379629963
2013,Septiembre,95.01040673832767,0.005037893378293523,-0.006948546489928931,-0.002110486256683086
2013,Octubre,96.00775373131604,0.010497239483830523,0.004137893306674245,0.008364598947483648
2013,Noviembre,96.74326103023319,0.007660915606623853,0.009946547232297931,0.0160895950407276
2013,Diciembre,97.043260914452,0.003100989991696279,0.019240478705615516,0.019240478705615516
2014,Enero,98.66715901601118,0.016733754474622664,0.030572507795405546,0.016733754474622664
2014,Febrero,98.30101157029162,-0.0037109353240842857,0.028279618145730767,0.012960721269953845
2014,Marzo,99.77952228310873,0.015040645962832944,0.03573935850055343,0.02819630485283109
2014,Abril,100.33724967192863,0.005589597705603744,0.04348412976775107,0.03394350855934669
2014,Mayo,99.39818529994369,-0.009359080252402618,0.04313140382081393,0.024266748286289053
2014,Junio,98.96924254095913,-0.004315398291127592,0.0453182534044978,0.019846629311075725
2014,Julio,99.6530832364999,0.006909628466215123,0.05825819677443711,0.026893390612137136
2014,Agosto,100.38562421743426,0.007350911353097622,0.061897951524662265,0.034441992895608564
2014,Septiembre,100.40928748220882,0.00023572364030255422,0.05682409884582906,0.03468583532785563
2014,Octubre,100.65914945550384,0.0024884348804814493,0.04844812573373014,0.03726058365082552
2014,Noviembre,101.23917042585116,0.005762228008927561,0.04647258473345195,0.04323751563849476
2014,Diciembre,101.37421821964615,0.0013339480482399413,0.04462914028633147,0.04462914028633147
2015,Enero,101.81847686645308,0.0043823632340558305,0.031938872892149694,0.0044
2015,Febrero,102.2447509531117,0.004186608362033661,0.040119011186370734,0.0086
2015,Marzo,102.72482518735168,0.004695343572797439,0.029518109897200384,0.0133
2015,Abril,104.4020076533964,0.016326943978593578,0.04051095674595673,0.0299
2015,Mayo,104.63729006569145,0.002253619615018909,0.05270825367624421,0.0322
2015,Junio,105.07507022320716,0.004183787225767066,0.061694194332356345,0.0365
2015,Julio,104.76146005105645,-0.002984629669859129,0.0512616032404456,0.0334
2015,Agosto,104.807107049262,0.00043572319613827126,0.04404498020803116,0.0339
2015,Septiembre,104.96331791083864,0.0014904605801515647,0.045354673285942004,0.0354
2015,Octubre,104.5574828543378,-0.003866446531783363,0.03872805820356362,0.031400000000000004
2015,Noviembre,104.60474497449846,0.0004520204472260314,0.03324379817110712,0.0319
2015,Diciembre,105.06157561837304,0.0043672076633420875,0.03637371970393444,0.0364
2016,Enero,105.23275680662876,0.0016293415289860835,0.03353300938349246,0.0016
2016,Febrero,106.01971614024043,0.007478273471992702,0.03692087028369695,0.0091
2016,Marzo,106.69311045056514,0.006351595107404018,0.0386302459602732,0.0155
2016,Abril,107.35969037863828,0.006247637970794528,0.028329749510766833,0.0219
2016,Mayo,107.54173592608984,0.0016956601384516823,0.027757273325551335,0.0236
2016,Junio,108.07569375026584,0.00496512186248288,0.02855695000426417,0.0287
2016,Julio,107.77526781028878,-0.0027797734120612594,0.028768287094925293,0.0258
2016,Agosto,107.23352240022407,-0.005026620866471099,0.023151248224241083,0.0207
2016,Septiembre,106.878457181975,-0.003311140120193734,0.018245795857588787,0.0173
2016,Octubre,106.27603248097836,-0.005636540018265079,0.01643640971191629,0.0116
2016,Noviembre,105.98509136790769,-0.0027375985561255423,0.013195829632257405,0.0088
2016,Diciembre,106.27401728322432,0.002726099601251253,0.011540295847602522,0.0115
2017,Enero,106.79525338604871,0.0049046428859018665,0.01484800576203793,0.0049
2017,Febrero,107.29633613408298,0.004691994561059065,0.012041345141443838,0.0096
2017,Marzo,108.06190921517076,0.00713512789598969,0.012829307898374775,0.0168
2017,Abril,109.33097122487412,0.011743842200459653,0.01836146173003561,0.0288
2017,Mayo,108.56390855580457,-0.007015968672699713,0.009504892411419164,0.0212
2017,Junio,108.21463669560993,-0.00321720049361629,0.0012856077118055254,0.0183
2017,Julio,107.42480462559575,-0.007298754532030993,-0.003251795999337559,0.0108
2017,Agosto,107.5003021619046,0.0007027942622002126,0.002487839210250309,0.0115
2017,Septiembre,106.75214893443608,-0.006959545344735307,-0.0011817933273855497,0.0045
2017,Octubre,106.2531200787179,-0.004674649275909881,-0.00021559331606169074,-0.0002
2017,Noviembre,105.52760320060771,-0.006828193633962809,-0.004316533216090601,-0.007
2017,Diciembre,106.02464555374797,0.00471006957483322,-0.0023464976280304084,-0.0023
2018,Enero,106.10508513770736,0.0007586876007863452,-0.006462536736969948,0.0007586876007863452
2018,Febrero,106.48102101306874,0.0035430523888038135,-0.007598722849169626,0.004304428059506371
2018,Marzo,107.10361898304726,0.0058470323073076536,-0.008867974285142188,0.01017662849674239
2018,Abril,105.68709684765805,-0.01322571682300866,-0.03332883936173281,-0.0031836815329772117
2018,Mayo,105.08521138746752,-0.005694975812024716,-0.032042851207304435,-0.008860526355678466
2018,Junio,104.30030454589304,-0.0074692416869238665,-0.036171928948273924,-0.016263586629778448
2018,Julio,104.45505820734898,0.0014837316355855723,-0.027644885448915968,-0.014803985792183671
2018,Agosto,105.25029859212243,0.007613230018931771,-0.02093020693461367,-0.007303461922284815
2018,Septiembre,105.57672965391588,0.003101473973565305,-0.01101073179559231,-0.004224639445788436
2018,Octubre,105.76644817205488,0.0017969728628732806,-0.004580306971714965,-0.002435258145354502
2018,Noviembre,105.60910941943288,-0.0014876055246371145,0.0007723687106797605,-0.003919240966520743
2018,Diciembre,105.32196180017738,-0.002718966392521005,-0.006627551074569582,-0.006627551074569582
2019,Enero,106.52855122151963,0.011456199644585663,0.003991006493823335,0.011456199644585663
2019,Febrero,106.36502853382572,-0.001535012781257783,-0.0010893253853077045,0.009903601450448773
2019,Marzo,105.97816126592777,-0.0036371660237455306,-0.010508120339963734,0.006230414383994853
2019,Abril,106.03578226462427,0.0005437063448565649,0.0032992240998805933,0.006777508244683039
2019,Mayo,105.5418112743122,-0.0046585311086715375,0.004345044186675473,0.0020874039030143177
2019,Junio,104.88858111890404,-0.0061893021118459846,0.005640219130445212,-0.004114817782216895
2019,Julio,105.43327776789651,0.005193097696449822,0.009364980282771107,0.0010569112634868372
2019,Agosto,105.2203754573183,-0.0020193084677392337,-0.00028430451223804276,-0.0009645314341164557
2019,Septiembre,105.20432183319258,-0.00015257143928582018,-0.0035273665129054166,-0.0011169557134530494
2019,Octubre,106.29587993373224,0.010375601320546268,0.005005668345940073,0.009247056519917862
2019,Noviembre,105.14871003533604,-0.010792232954949688,-0.004359466589840655,-0.0016449728231424654
2019,Diciembre,104.66369746374617,-0.004612634538520455,-0.006250019703203935,-0.006250019703203935
2020,Enero,105.75208911946228,0.010398941391241312,-0.007288769941522499,0.010398941391241312
2020,Febrero,105.23120670754528,-0.004925504699283878,-0.010659723801229148,0.005422216657267276
2020,Marzo,106.34559024229866,0.010589857986238016,0.0034670253944952822,0.016069495147876367
2020,Abril,110.8841759451997,0.042677704760115454,0.045724127997431196,0.05943300907755722
2020,Mayo,109.12959565290556,-0.01582354089154503,0.03399396253744791,0.042669027536565984
2020,Junio,108.2984569522796,-0.007616070559534283,0.03250950481930959,0.03472798665260646
2020,Julio,106.69834489317346,-0.014775021769804275,0.011998746051146147,0.019439858123988518
2020,Agosto,105.72241358330724,-0.009146639630102205,0.004771301411983675,0.010115409117165797
2020,Septiembre,104.88511580823268,-0.007919775444918176,-0.0030341531545254874,0.002115521903506279
2020,Octubre,104.52342143410544,-0.0034484814298012534,-0.016674762001422705,-0.0013402548642935663
2020,Noviembre,104.86630769616858,0.0032804730017310657,-0.0026857423079422738,0.001935821467539789
2020,Diciembre,104.60264424176899,-0.0025142818526948663,-0.0005833275859410403,-0.0005833275859410403
2021,Enero,104.96914259188055,0.0035037197459797387,-0.007403603409643078,0.0035037197459797387
2021,Febrero,105.33495840584128,0.003484984300414995,0.0009859404024923357,0.0070009144547023006
2021,Marzo,105.9182053031571,0.005537068663080014,-0.004018830852955957,0.012576747661822374
2021,Abril,106.05573576294096,0.0012984591212645835,-0.04354489845913645,0.01389153717580438
2021,Mayo,105.6528980999749,-0.0037983580998059985,-0.03185842971496511,0.010040414043247958
2021,Junio,104.54157517471405,-0.010518622255011434,-0.03469007669445345,-0.0005838195343683683
2021,Julio,105.79508630751828,0.011990551421377615,-0.008465535117339718,0.011399731568861649
2021,Agosto,105.6524247730372,-0.0013484703256103625,-0.0006620054149151233,0.010035889043510604
2021,Septiembre,105.359652826097,-0.002771085922253169,0.004524350421003964,0.00723699281041168
2021,Octubre,105.53965125391971,0.0017084189535068184,0.009722508179230704,0.0089577755796022
2021,Noviembre,105.4875104139525,-0.0004940402905232455,0.005923758845250315,0.008459309787029134
2021,Diciembre,105.73397757888316,0.002336458259024843,0.010815532870271483,0.010815532870271483
2022,Enero,107.81061711347644,0.01964022901762119,0.02706961733167157,0.01964022901762119
2022,Febrero,108.1420307640297,0.003074035372642614,0.026649009983686023,0.022774639148990694
2022,Marzo,108.20394858132713,0.0005725601494623866,0.021580268204392405,0.02336023914924823
2022,Abril,108.71860080267848,0.0047563164570147975,0.025108166197532533,0.02822766429616852
2022,Mayo,109.84816676089955,0.010389813241537205,0.039708032021562145,0.038910757697987686
2022,Junio,112.1407601857628,0.020870566095594567,0.0726905539575875,0.060593413333947854
2022,Julio,112.3300535059745,0.0016879974765475758,0.06177004458846813,0.062383692339298635
2022,Agosto,111.91780618532256,-0.0036699646068450997,0.0593018231786413,0.05848478178952399
2022,Septiembre,112.88100219314993,0.008606280275297973,0.07138737804563289,0.06759439848874238
2022,Octubre,113.31522576621752,0.00384673740160979,0.07367443818428399,0.07170115379115805
2022,Noviembre,113.471147394109,0.0013759989166253206,0.07568324391036652,0.07317581341772095
2022,Diciembre,113.76573631990507,0.0025961571074355483,0.07596194643325327,0.07596194643325327
2023,Enero,113.85759294140176,0.0008074190390539027,0.056088871298831,0.0008074190390539027
2023,Febrero,113.79934454922125,-0.0005115898788629059,0.05231373726961008,0.0002954160927826077
2023,Marzo,114.61119378382196,0.007134041393793478,0.059214523004944564,0.007431564997210538
2023,Abril,114.37099379455267,-0.002095781235141425,0.05199103879319744,0.0053202088276003145
2023,Mayo,114.75454350227972,0.003353557532393303,0.04466507622343485,0.008691607986381467
2023,Junio,116.830773633579,0.018092792389157397,0.041822558006982646,0.026941655834364253
2023,Julio,119.20644807468774,0.02033432089185383,0.06121598231365133,0.04782381700131211
2023,Agosto,121.06,0.01554909113767855,0.08168667816396491,0.06411652502809573
2023,Septiembre,120.81276325644892,-0.0020422661783502383,0.07026657195802533,0.06194331583920709
2023,Octubre,120.04410914664308,-0.006362358488351205,0.05938198803317074,0.055186851769529754
2023,Noviembre,118.67254552064384,-0.011425497142252716,0.045838948895698506,0.04313081741009439
2023,Diciembre,118.5838265594302,-0.0007475946591051219,0.04235097838225066,0.04235097838225066
2024,Enero,119.03335613962192,0.003790816954000409,0.04545821727395838,0.003790816954000409
2024,Febrero,119.67,0.005348449216464379,0.05158777912151802,0.009159541162432117
2024,Marzo,119.8024979221909,0.0011071941354632298,0.04529491376000072,0.010276876688154024
2024,Abril,121.0624694584298,0.010517072332308475,0.05850675457010701,0.020902031675941846
2024,Mayo,120.27830166459763,-0.00647738144893395,0.04813542012136707,0.014289259794785236
2024,Junio,119.49839206095166,-0.006484208646550305,0.022833182939789642,0.007712396606320615
2024,Julio,119.6511264781158,0.001278129475468015,0.0037303217284809786,0.009000383523217748
2024,Agosto,120.01774966824392,0.003064101449936407,-0.008609369996333105,0.012092063061357683
2024,Septiembre,120.68132435667243,0.005528971258524473,-0.0010879554132660063,0.017687890989004584
2024,Octubre,119.86456291137883,-0.006767919142813494,-0.0014956688548950492,0.010800261630170782
2024,Noviembre,118.98016007340097,-0.007378351169825992,0.002592129050637215,0.003342222337311185
2024,Diciembre,118.6837522279438,-0.0024912375750234528,0.0008426584924170477,0.0008426584924170477
2025,Enero,119.25491783450325,0.004812500412545662,0.0018613412413697183,0.004812500412545662
2025,Febrero,119.53843395186993,0.002377395603593735,-0.001099407103953065,0.007201337233462501
2025,Marzo,121.24915347952025,0.0143110418222403,0.012075337179270784,0.021615437694026962
2025,Abril,120.82475643699468,-0.0035002062311078053,-0.0019635566868785315,0.018039572973214346
2025,Mayo,120.75117274782014,-0.0006090116905215215,0.003931474560898929,0.017419574971860197
2025,Junio,120.42510411575188,-0.00270033511599288,0.007755016940542037,0.014672201165865095
2025,Julio,120.98215715227757,0.0046257218593745986,0.011124263626596242,0.019365792546897742
2025,Agosto,121.51539760762888,0.00440759586291839,0.01247855374329876,0.02385874499692786
2025,Septiembre,121.42227232272184,-0.0007663661292353074,0.006139706951338475,0.023074094333640938
2025,Octubre,122.24794647159104,0.00680002221235565,0.01988397156192323,0.03003102089999521
2025,Noviembre,121.11620579348896,-0.009257747968511532,0.01795295718857859,0.02049525330875457
2025,Diciembre,120.22573333756182,-0.007352215585794131,0.012992352202148894,0.012992352202148894
2026,Enero,121.74364689389925,0.012625529611664188,0.020868984731093,0.012625529611664188
